g_p,g_r,d,rho,eps,C,mean_train,std_train,mean_test,std_test,time,sv_ratio
0.100,0.100,4,0.2,0.1,10.00,0.632,0.009,0.864,0.036,5.71,0.92
0.100,0.100,4,0.4,0.1,10.00,0.628,0.010,0.864,0.037,6.66,0.92
0.100,0.100,4,0.3,0.1,10.00,0.629,0.009,0.864,0.037,5.92,0.92
0.100,0.100,4,0.5,0.1,10.00,0.629,0.010,0.865,0.038,6.19,0.92
0.100,0.100,4,0.1,0.1,10.00,0.638,0.009,0.866,0.034,5.58,0.92
0.100,0.100,1,0.6,0.1,10.00,0.712,0.008,0.867,0.039,2.88,0.92
0.100,0.100,5,0.1,0.1,10.00,0.622,0.008,0.867,0.040,5.39,0.92
0.100,0.100,1,0.7,0.1,10.00,0.730,0.009,0.867,0.039,3.11,0.92
0.100,0.100,1,0.5,0.1,10.00,0.698,0.008,0.867,0.040,3.09,0.92
0.010,0.100,1,0.7,0.1,10.00,0.730,0.009,0.869,0.039,2.81,0.93
0.010,0.100,1,0.6,0.1,10.00,0.713,0.009,0.869,0.041,3.09,0.92
0.100,0.100,1,0.1,0.1,10.00,0.660,0.007,0.869,0.038,3.19,0.92
0.100,0.100,1,0.4,0.1,10.00,0.686,0.008,0.869,0.039,3.12,0.92
0.100,0.100,4,0.6,0.1,10.00,0.631,0.010,0.869,0.039,6.58,0.92
0.010,0.100,1,0.9,0.1,100.00,0.651,0.008,0.869,0.037,3.12,0.92
0.100,0.100,1,0.3,0.1,10.00,0.676,0.008,0.870,0.038,2.74,0.92
0.100,0.100,1,0.9,0.1,100.00,0.651,0.008,0.870,0.037,9.17,0.92
0.100,0.100,1,0.2,0.1,10.00,0.667,0.007,0.870,0.038,2.83,0.92
0.010,0.100,1,0.5,0.1,10.00,0.700,0.008,0.870,0.042,3.09,0.92
0.010,0.100,1,0.2,0.1,10.00,0.671,0.007,0.870,0.040,3.39,0.92
0.010,0.100,1,0.3,0.1,10.00,0.679,0.008,0.870,0.040,3.49,0.92
0.010,0.100,1,0.4,0.1,10.00,0.689,0.008,0.870,0.041,3.20,0.92
0.010,0.100,2,0.9,0.1,100.00,0.652,0.008,0.871,0.036,3.07,0.92
0.100,0.100,1,0.8,0.1,10.00,0.753,0.009,0.871,0.038,3.27,0.93
0.010,0.100,1,0.8,0.1,10.00,0.753,0.009,0.871,0.037,2.87,0.92
0.010,0.100,1,0.1,0.1,10.00,0.663,0.007,0.872,0.038,3.51,0.92
0.100,0.100,5,0.2,0.1,10.00,0.608,0.009,0.872,0.038,5.48,0.91
0.010,0.100,2,0.3,0.1,10.00,0.682,0.008,0.872,0.040,3.16,0.92
0.100,0.100,2,0.1,0.1,10.00,0.660,0.008,0.872,0.037,3.26,0.92
0.010,0.100,2,0.2,0.1,10.00,0.672,0.008,0.872,0.039,3.31,0.92
0.010,0.100,3,0.3,0.1,10.00,0.682,0.008,0.872,0.040,4.33,0.92
0.010,0.100,4,0.3,0.1,10.00,0.682,0.008,0.872,0.040,4.67,0.92
0.010,0.100,5,0.3,0.1,10.00,0.682,0.008,0.872,0.040,4.55,0.92
0.010,0.100,3,0.2,0.1,10.00,0.672,0.007,0.872,0.039,4.31,0.92
0.010,0.100,5,0.2,0.1,10.00,0.672,0.008,0.872,0.039,4.74,0.92
0.010,0.100,4,0.2,0.1,10.00,0.672,0.008,0.872,0.039,4.55,0.92
0.010,0.100,2,0.1,0.1,10.00,0.664,0.008,0.873,0.038,3.34,0.92
0.010,0.100,3,0.1,0.1,10.00,0.664,0.008,0.873,0.038,4.49,0.92
0.010,0.100,5,0.1,0.1,10.00,0.664,0.008,0.873,0.038,4.85,0.92
0.010,0.100,4,0.1,0.1,10.00,0.664,0.008,0.873,0.038,4.69,0.92
0.010,0.100,3,0.9,0.1,100.00,0.655,0.008,0.873,0.037,3.70,0.92
0.010,0.100,1,0.8,0.1,100.00,0.602,0.010,0.873,0.035,3.80,0.92
0.010,0.100,4,0.9,0.1,100.00,0.656,0.008,0.873,0.037,3.71,0.92
0.100,0.100,4,0.7,0.1,10.00,0.635,0.010,0.873,0.041,6.51,0.92
0.010,0.100,2,0.4,0.1,10.00,0.693,0.008,0.873,0.041,2.85,0.92
0.100,0.100,1,0.8,0.1,100.00,0.601,0.010,0.873,0.036,9.86,0.92
0.010,0.100,2,0.8,0.1,100.00,0.602,0.010,0.873,0.033,3.77,0.92
0.010,0.100,3,0.4,0.1,10.00,0.693,0.008,0.873,0.041,4.46,0.92
0.010,0.100,5,0.9,0.1,100.00,0.656,0.008,0.873,0.037,3.76,0.91
0.010,0.100,4,0.4,0.1,10.00,0.694,0.008,0.873,0.041,4.36,0.92
0.010,0.100,5,0.4,0.1,10.00,0.694,0.008,0.873,0.041,4.43,0.92
0.010,0.100,1,0.9,0.1,10.00,0.789,0.008,0.875,0.039,2.67,0.92
0.100,0.100,5,0.3,0.1,10.00,0.600,0.009,0.875,0.035,6.13,0.92
0.100,0.100,2,0.2,0.1,10.00,0.666,0.008,0.875,0.039,3.35,0.93
0.010,0.100,2,0.5,0.1,10.00,0.707,0.008,0.876,0.041,2.81,0.92
0.010,0.100,3,0.5,0.1,10.00,0.707,0.008,0.876,0.041,4.22,0.92
0.100,0.100,3,0.1,0.1,10.00,0.654,0.008,0.876,0.040,4.72,0.92
0.010,0.100,4,0.5,0.1,10.00,0.707,0.008,0.876,0.041,4.37,0.92
0.010,0.100,5,0.5,0.1,10.00,0.707,0.008,0.876,0.041,4.29,0.92
0.010,0.100,1,0.7,0.1,100.00,0.571,0.011,0.876,0.038,4.54,0.92
0.010,0.100,2,0.7,0.1,100.00,0.571,0.011,0.876,0.035,4.89,0.92
0.100,0.100,1,0.2,0.1,1.00,0.803,0.008,0.876,0.036,2.76,0.92
0.010,0.100,4,0.8,0.1,100.00,0.604,0.010,0.877,0.034,4.45,0.92
0.010,0.100,3,0.8,0.1,100.00,0.603,0.010,0.877,0.035,4.52,0.92
0.100,0.100,2,0.8,0.1,100.00,0.597,0.010,0.877,0.030,17.53,0.92
0.100,0.100,1,0.7,0.1,100.00,0.570,0.011,0.877,0.039,10.92,0.93
0.010,0.100,5,0.8,0.1,100.00,0.604,0.010,0.877,0.034,4.77,0.92
0.100,0.100,1,0.3,0.1,1.00,0.808,0.008,0.877,0.036,2.86,0.91
0.100,0.100,2,0.7,0.1,100.00,0.565,0.011,0.878,0.031,17.93,0.92
0.100,0.100,1,0.9,0.1,10.00,0.791,0.009,0.879,0.039,3.27,0.92
0.010,0.100,3,0.7,0.1,100.00,0.572,0.011,0.879,0.036,5.39,0.92
0.010,0.100,4,0.7,0.1,100.00,0.573,0.011,0.879,0.036,5.40,0.92
0.100,0.100,2,0.3,0.1,10.00,0.674,0.008,0.879,0.041,3.66,0.93
0.010,0.100,5,0.7,0.1,100.00,0.573,0.011,0.879,0.036,6.21,0.92
0.010,0.100,2,0.6,0.1,10.00,0.722,0.009,0.879,0.041,2.72,0.92
0.100,0.100,5,0.4,0.1,10.00,0.595,0.009,0.879,0.032,6.52,0.92
0.010,0.100,3,0.6,0.1,10.00,0.722,0.008,0.879,0.041,4.19,0.92
0.100,0.100,1,0.4,0.1,1.00,0.816,0.009,0.879,0.039,2.70,0.91
0.010,0.100,4,0.6,0.1,10.00,0.723,0.008,0.880,0.041,4.23,0.92
0.010,0.100,5,0.6,0.1,10.00,0.723,0.008,0.880,0.041,4.30,0.92
0.100,0.100,4,0.8,0.1,10.00,0.645,0.011,0.880,0.042,6.73,0.92
0.010,0.100,1,0.6,0.1,100.00,0.547,0.012,0.880,0.040,5.19,0.91
0.100,0.100,3,0.2,0.1,10.00,0.656,0.008,0.881,0.041,5.22,0.92
0.100,0.100,2,0.4,0.1,10.00,0.684,0.009,0.881,0.042,3.70,0.92
0.010,0.100,2,0.6,0.1,100.00,0.548,0.012,0.881,0.037,5.56,0.91
0.100,0.100,2,0.6,0.1,100.00,0.542,0.011,0.881,0.035,16.74,0.91
0.100,0.100,1,0.6,0.1,100.00,0.547,0.012,0.881,0.041,10.80,0.92
0.100,0.100,1,0.1,0.1,1.00,0.802,0.008,0.882,0.035,2.80,0.92
0.010,0.100,2,0.7,0.1,10.00,0.741,0.008,0.882,0.042,2.62,0.93
0.100,0.100,5,0.5,0.1,10.00,0.592,0.009,0.882,0.031,6.61,0.92
0.010,0.100,3,0.6,0.1,100.00,0.549,0.012,0.883,0.038,6.05,0.92
0.010,0.100,3,0.7,0.1,10.00,0.742,0.008,0.883,0.041,4.26,0.93
0.010,0.100,4,0.6,0.1,100.00,0.549,0.012,0.883,0.038,5.95,0.92
0.010,0.100,5,0.6,0.1,100.00,0.549,0.012,0.883,0.038,6.98,0.92
0.100,0.100,3,0.3,0.1,10.00,0.660,0.008,0.883,0.042,5.15,0.92
0.010,0.100,4,0.7,0.1,10.00,0.743,0.008,0.883,0.041,4.15,0.93
0.010,0.100,5,0.7,0.1,10.00,0.743,0.008,0.883,0.041,3.58,0.93
0.100,0.100,3,0.4,0.1,10.00,0.665,0.008,0.884,0.041,5.50,0.92
0.100,0.100,2,0.5,0.1,10.00,0.695,0.009,0.884,0.044,3.30,0.92
0.100,0.100,3,0.5,0.1,10.00,0.672,0.008,0.884,0.041,5.86,0.92
0.100,0.100,3,0.6,0.1,10.00,0.680,0.008,0.885,0.041,5.99,0.93
0.010,0.100,1,0.5,0.1,100.00,0.529,0.012,0.885,0.040,5.51,0.92
0.100,0.100,2,0.9,0.1,100.00,0.647,0.009,0.885,0.036,16.31,0.93
0.100,0.100,3,0.7,0.1,10.00,0.690,0.009,0.886,0.041,6.69,0.92
0.100,0.100,1,0.5,0.1,100.00,0.528,0.012,0.886,0.042,10.44,0.92
0.100,0.100,5,0.6,0.1,10.00,0.592,0.008,0.886,0.031,6.58,0.92
0.010,0.100,2,0.5,0.1,100.00,0.529,0.012,0.886,0.038,6.16,0.92
0.100,0.100,1,0.5,0.1,1.00,0.827,0.008,0.887,0.042,2.76,0.91
0.010,0.100,3,0.5,0.1,100.00,0.530,0.012,0.887,0.038,7.09,0.92
0.010,0.100,4,0.5,0.1,100.00,0.530,0.012,0.887,0.038,6.89,0.92
0.010,0.100,5,0.5,0.1,100.00,0.530,0.012,0.887,0.038,7.80,0.92
0.100,0.100,2,0.5,0.1,100.00,0.524,0.011,0.887,0.037,17.20,0.92
0.010,0.100,3,0.8,0.1,10.00,0.769,0.009,0.887,0.039,3.90,0.92
0.100,0.100,3,0.8,0.1,10.00,0.704,0.008,0.888,0.041,6.86,0.92
0.100,0.100,2,0.6,0.1,10.00,0.710,0.008,0.888,0.044,3.50,0.92
0.010,0.100,4,0.8,0.1,10.00,0.771,0.009,0.888,0.039,3.84,0.92
0.010,0.100,5,0.8,0.1,10.00,0.771,0.009,0.889,0.039,3.65,0.92
0.010,0.100,2,0.8,0.1,10.00,0.768,0.009,0.889,0.041,2.66,0.92
0.100,0.100,5,0.7,0.1,10.00,0.593,0.008,0.890,0.033,6.38,0.92
0.100,0.100,3,0.1,0.1,1.00,0.802,0.010,0.890,0.039,4.32,0.92
0.100,0.100,1,0.4,0.1,100.00,0.513,0.011,0.890,0.042,12.69,0.93
0.010,0.100,1,0.4,0.1,100.00,0.514,0.012,0.891,0.040,6.85,0.92
0.100,0.100,2,0.4,0.1,100.00,0.510,0.011,0.891,0.037,15.93,0.92
0.010,0.100,2,0.4,0.1,100.00,0.514,0.012,0.891,0.039,6.84,0.92
0.100,0.010,4,0.1,0.1,100.00,0.670,0.013,0.892,0.046,9.14,0.92
0.010,0.100,3,0.4,0.1,100.00,0.515,0.012,0.892,0.039,7.74,0.92
0.010,0.100,4,0.4,0.1,100.00,0.515,0.012,0.892,0.039,7.71,0.92
0.010,0.100,5,0.4,0.1,100.00,0.515,0.012,0.892,0.039,8.56,0.92
0.100,0.100,3,0.2,0.1,1.00,0.802,0.010,0.893,0.039,4.12,0.93
0.100,0.100,3,0.9,0.1,10.00,0.727,0.009,0.893,0.042,7.09,0.92
0.100,0.100,2,0.7,0.1,10.00,0.728,0.009,0.893,0.044,3.29,0.92
0.010,0.100,1,0.3,0.1,100.00,0.501,0.011,0.894,0.041,7.35,0.92
0.100,0.100,1,0.3,0.1,100.00,0.501,0.011,0.894,0.042,13.98,0.93
0.100,0.100,5,0.2,0.1,1.00,0.786,0.010,0.894,0.043,4.00,0.92
0.010,0.100,2,0.3,0.1,100.00,0.502,0.012,0.895,0.040,7.81,0.93
0.010,0.100,3,0.3,0.1,100.00,0.502,0.012,0.895,0.040,8.59,0.93
0.010,0.100,4,0.3,0.1,100.00,0.502,0.012,0.895,0.040,8.57,0.93
0.010,0.100,5,0.3,0.1,100.00,0.502,0.012,0.895,0.040,9.07,0.93
0.100,0.100,5,0.8,0.1,10.00,0.598,0.007,0.895,0.038,6.60,0.92
0.100,0.100,2,0.3,0.1,100.00,0.498,0.011,0.895,0.039,15.48,0.93
0.100,0.100,5,0.1,0.1,1.00,0.793,0.010,0.895,0.041,4.04,0.92
0.100,0.100,4,0.9,0.1,10.00,0.665,0.012,0.896,0.046,6.50,0.93
0.100,0.100,1,0.6,0.1,1.00,0.842,0.009,0.896,0.043,2.62,0.91
0.010,0.100,1,0.2,0.1,100.00,0.491,0.012,0.897,0.042,7.85,0.93
0.100,0.100,3,0.3,0.1,1.00,0.805,0.010,0.898,0.042,4.14,0.92
0.010,0.100,2,0.2,0.1,100.00,0.491,0.012,0.898,0.042,8.90,0.92
0.010,0.100,5,0.2,0.1,100.00,0.491,0.012,0.898,0.042,9.80,0.92
0.010,0.100,3,0.2,0.1,100.00,0.491,0.012,0.898,0.042,9.50,0.92
0.010,0.100,4,0.2,0.1,100.00,0.491,0.012,0.898,0.042,8.95,0.92
0.100,0.100,1,0.2,0.1,100.00,0.490,0.012,0.898,0.042,14.52,0.93
0.010,0.100,3,0.9,0.1,10.00,0.811,0.009,0.898,0.040,3.76,0.92
0.100,0.100,2,0.2,0.1,100.00,0.488,0.012,0.898,0.041,17.40,0.93
0.100,0.100,5,0.3,0.1,1.00,0.782,0.010,0.899,0.044,4.07,0.92
0.010,0.100,1,0.5,0.1,1.00,0.839,0.009,0.899,0.036,2.49,0.92
0.010,0.100,2,0.9,0.1,10.00,0.811,0.010,0.899,0.044,2.46,0.92
0.010,0.100,1,0.4,0.1,1.00,0.832,0.009,0.899,0.037,2.38,0.92
0.010,0.100,1,0.1,0.1,100.00,0.482,0.012,0.900,0.043,9.02,0.92
0.010,0.100,2,0.1,0.1,100.00,0.482,0.012,0.900,0.043,9.75,0.92
0.100,0.100,1,0.1,0.1,100.00,0.481,0.012,0.900,0.044,14.00,0.92
0.100,0.100,2,0.1,0.1,100.00,0.480,0.012,0.900,0.042,14.64,0.93
0.010,0.100,5,0.1,0.1,100.00,0.482,0.012,0.900,0.043,11.06,0.92
0.010,0.100,4,0.1,0.1,100.00,0.482,0.012,0.900,0.043,10.05,0.92
0.010,0.100,3,0.1,0.1,100.00,0.482,0.012,0.900,0.043,10.33,0.92
0.010,0.100,1,0.3,0.1,1.00,0.827,0.009,0.900,0.039,2.32,0.92
0.010,0.100,1,0.2,0.1,1.00,0.823,0.009,0.900,0.039,2.50,0.92
0.100,0.100,4,0.1,0.1,1.00,0.804,0.011,0.901,0.044,4.31,0.92
0.100,0.100,2,0.8,0.1,10.00,0.752,0.009,0.901,0.043,3.93,0.93
0.010,0.100,1,0.6,0.1,1.00,0.849,0.009,0.901,0.037,2.46,0.92
0.100,0.010,5,0.1,0.1,10.00,0.769,0.011,0.901,0.061,4.05,0.91
0.010,0.100,1,0.1,0.1,1.00,0.819,0.010,0.902,0.040,2.47,0.92
0.100,0.100,2,0.1,0.1,1.00,0.817,0.010,0.902,0.044,2.99,0.92
0.010,0.100,4,0.9,0.1,10.00,0.815,0.010,0.903,0.042,3.93,0.92
0.100,0.100,3,0.4,0.1,1.00,0.809,0.010,0.903,0.047,4.63,0.92
0.010,0.100,5,0.9,0.1,10.00,0.815,0.010,0.903,0.041,3.62,0.92
0.100,0.100,5,0.4,0.1,1.00,0.782,0.011,0.903,0.048,4.10,0.92
0.100,0.010,3,0.1,0.1,10.00,0.818,0.012,0.904,0.055,3.98,0.92
0.100,0.100,2,0.2,0.1,1.00,0.820,0.011,0.905,0.046,2.85,0.92
0.010,0.100,3,0.1,0.1,1.00,0.823,0.010,0.906,0.042,3.66,0.91
0.010,0.100,2,0.1,0.1,1.00,0.823,0.010,0.906,0.042,2.73,0.91
0.010,0.100,4,0.1,0.1,1.00,0.823,0.010,0.906,0.042,3.94,0.91
0.010,0.100,5,0.1,0.1,1.00,0.823,0.010,0.906,0.042,2.49,0.91
0.100,0.100,4,0.2,0.1,1.00,0.801,0.011,0.906,0.045,4.32,0.93
0.100,0.100,3,0.1,0.1,100.00,0.475,0.012,0.906,0.048,17.81,0.93
0.100,0.100,2,0.3,0.1,1.00,0.825,0.012,0.907,0.048,2.80,0.93
0.100,0.100,3,0.2,0.1,100.00,0.480,0.012,0.907,0.050,18.77,0.92
0.100,0.010,3,0.2,0.1,10.00,0.807,0.012,0.908,0.054,4.17,0.93
0.100,0.100,3,0.3,0.1,100.00,0.487,0.012,0.909,0.051,23.65,0.92
0.100,0.010,1,0.1,0.1,100.00,0.831,0.012,0.909,0.047,3.95,0.93
0.100,0.100,5,0.9,0.1,10.00,0.612,0.007,0.910,0.044,6.79,0.93
0.010,0.010,3,0.7,0.1,100.00,0.848,0.013,0.910,0.054,2.68,0.93
0.100,0.100,4,0.3,0.1,1.00,0.800,0.011,0.910,0.047,4.34,0.93
0.010,0.100,1,0.7,0.1,1.00,0.865,0.008,0.910,0.041,2.40,0.93
0.010,0.100,3,0.2,0.1,1.00,0.831,0.009,0.910,0.043,3.70,0.92
0.010,0.100,2,0.2,0.1,1.00,0.831,0.009,0.910,0.043,2.48,0.92
0.100,0.100,3,0.4,0.1,100.00,0.496,0.012,0.910,0.053,23.23,0.92
0.010,0.100,4,0.2,0.1,1.00,0.831,0.009,0.910,0.043,3.79,0.92
0.010,0.100,5,0.2,0.1,1.00,0.831,0.009,0.910,0.043,2.44,0.92
0.010,0.010,3,0.6,0.1,100.00,0.845,0.013,0.910,0.054,2.59,0.92
0.100,0.010,1,0.2,0.1,100.00,0.834,0.011,0.910,0.047,4.45,0.93
0.100,0.010,3,0.1,0.1,100.00,0.727,0.008,0.910,0.041,7.80,0.93
0.010,0.010,3,0.5,0.1,100.00,0.842,0.012,0.910,0.053,2.70,0.93
0.010,0.010,3,0.8,0.1,100.00,0.855,0.013,0.910,0.055,2.57,0.92
0.100,0.100,5,0.5,0.1,1.00,0.786,0.012,0.911,0.051,4.36,0.92
0.010,0.010,3,0.1,0.1,100.00,0.835,0.012,0.911,0.051,3.21,0.93
0.100,0.100,2,0.4,0.1,1.00,0.831,0.012,0.911,0.050,2.73,0.93
0.010,0.010,3,0.2,0.1,100.00,0.836,0.012,0.911,0.051,3.46,0.93
0.010,0.010,3,0.3,0.1,100.00,0.838,0.012,0.911,0.052,2.82,0.93
0.100,0.010,1,0.3,0.1,100.00,0.838,0.011,0.911,0.048,4.98,0.93
0.010,0.010,3,0.4,0.1,100.00,0.840,0.012,0.911,0.052,2.83,0.93
0.010,0.010,1,0.1,0.1,100.00,0.836,0.011,0.912,0.050,3.50,0.93
0.100,0.100,3,0.5,0.1,100.00,0.506,0.012,0.913,0.053,26.33,0.91
0.010,0.010,4,0.1,0.1,100.00,0.837,0.012,0.913,0.051,2.97,0.93
0.100,0.100,3,0.5,0.1,1.00,0.817,0.011,0.913,0.049,4.23,0.93
0.010,0.010,5,0.1,0.1,100.00,0.838,0.012,0.913,0.051,3.10,0.93
0.010,0.010,1,0.2,0.1,100.00,0.840,0.012,0.913,0.050,3.28,0.93
0.010,0.010,2,0.1,0.1,100.00,0.837,0.012,0.913,0.050,2.84,0.93
0.100,0.010,1,0.4,0.1,100.00,0.843,0.011,0.914,0.049,6.14,0.93
0.100,0.010,5,0.2,0.1,10.00,0.738,0.011,0.914,0.064,4.83,0.92
0.100,0.010,3,0.2,0.1,100.00,0.714,0.007,0.914,0.037,10.89,0.92
0.100,0.100,1,0.7,0.1,1.00,0.867,0.008,0.914,0.049,2.74,0.92
0.010,0.010,4,0.2,0.1,100.00,0.842,0.012,0.915,0.052,3.00,0.93
0.010,0.100,3,0.3,0.1,1.00,0.840,0.010,0.915,0.043,3.62,0.92
0.010,0.100,2,0.3,0.1,1.00,0.840,0.010,0.915,0.043,2.49,0.92
0.010,0.010,1,0.3,0.1,100.00,0.843,0.012,0.915,0.051,2.93,0.93
0.010,0.100,5,0.3,0.1,1.00,0.840,0.010,0.915,0.043,2.46,0.92
0.010,0.100,4,0.3,0.1,1.00,0.840,0.010,0.915,0.043,3.75,0.92
0.010,0.010,5,0.2,0.1,100.00,0.843,0.012,0.915,0.052,3.07,0.93
0.100,0.010,3,0.3,0.1,10.00,0.804,0.012,0.915,0.052,4.47,0.92
0.100,0.100,4,0.4,0.1,1.00,0.801,0.011,0.916,0.048,4.29,0.93
0.100,0.010,4,0.2,0.1,100.00,0.645,0.014,0.916,0.040,15.70,0.93
0.100,0.100,2,0.5,0.1,1.00,0.839,0.012,0.916,0.053,2.79,0.93
0.010,0.010,2,0.2,0.1,100.00,0.842,0.012,0.916,0.051,2.54,0.93
0.010,0.010,4,0.3,0.1,100.00,0.847,0.012,0.917,0.053,2.97,0.93
0.100,0.010,1,0.5,0.1,100.00,0.850,0.011,0.917,0.052,6.77,0.93
0.100,0.100,2,0.9,0.1,10.00,0.786,0.009,0.917,0.045,4.12,0.93
0.010,0.010,1,0.4,0.1,100.00,0.848,0.012,0.917,0.053,3.12,0.93
0.100,0.100,3,0.6,0.1,100.00,0.520,0.012,0.917,0.053,26.42,0.91
0.010,0.010,5,0.3,0.1,100.00,0.848,0.012,0.918,0.053,3.02,0.93
0.100,0.100,4,0.1,0.1,100.00,0.461,0.013,0.918,0.042,17.45,0.92
0.010,0.010,2,0.3,0.1,100.00,0.847,0.012,0.919,0.052,2.30,0.93
0.010,0.010,4,0.4,0.1,100.00,0.852,0.012,0.919,0.055,2.88,0.93
0.010,0.010,1,0.5,0.1,100.00,0.855,0.012,0.919,0.054,2.98,0.93
0.100,0.010,3,0.3,0.1,100.00,0.707,0.006,0.919,0.034,14.71,0.93
0.100,0.010,1,0.6,0.1,100.00,0.860,0.012,0.919,0.053,7.39,0.93
0.010,0.100,3,0.4,0.1,1.00,0.851,0.010,0.920,0.042,3.90,0.92
0.010,0.100,2,0.4,0.1,1.00,0.850,0.010,0.920,0.042,2.71,0.92
0.010,0.010,5,0.4,0.1,100.00,0.853,0.012,0.920,0.055,2.93,0.93
0.100,0.100,3,0.7,0.1,100.00,0.537,0.012,0.920,0.052,26.35,0.92
0.010,0.100,5,0.4,0.1,1.00,0.851,0.010,0.921,0.042,2.45,0.92
0.010,0.100,4,0.4,0.1,1.00,0.851,0.010,0.921,0.042,3.36,0.92
0.100,0.100,4,0.5,0.1,1.00,0.805,0.011,0.921,0.052,4.37,0.93
0.010,0.010,3,0.9,0.1,100.00,0.871,0.013,0.921,0.058,2.54,0.92
0.010,0.010,1,0.6,0.1,100.00,0.864,0.012,0.921,0.055,2.68,0.93
0.100,0.100,5,0.6,0.1,1.00,0.795,0.012,0.922,0.051,4.01,0.92
0.100,0.100,3,0.8,0.1,100.00,0.560,0.013,0.922,0.052,27.33,0.92
0.010,0.010,4,0.5,0.1,100.00,0.859,0.012,0.922,0.057,2.71,0.93
0.010,0.010,2,0.4,0.1,100.00,0.852,0.012,0.923,0.054,2.36,0.93
0.100,0.100,2,0.6,0.1,1.00,0.850,0.012,0.923,0.057,2.73,0.93
0.010,0.010,5,0.5,0.1,100.00,0.861,0.012,0.923,0.056,2.87,0.93
0.100,0.010,5,0.1,0.1,100.00,0.611,0.009,0.923,0.039,12.45,0.93
0.100,0.100,3,0.9,0.1,100.00,0.596,0.012,0.925,0.043,32.81,0.93
0.100,0.010,5,0.3,0.1,10.00,0.722,0.010,0.925,0.066,5.44,0.92
0.100,0.100,3,0.6,0.1,1.00,0.830,0.010,0.925,0.057,4.46,0.92
0.100,0.010,3,0.4,0.1,100.00,0.702,0.006,0.925,0.034,18.44,0.93
0.010,0.010,4,0.6,0.1,100.00,0.868,0.013,0.925,0.058,2.69,0.92
0.010,0.010,5,0.6,0.1,100.00,0.870,0.013,0.926,0.057,2.67,0.92
0.100,0.010,3,0.4,0.1,10.00,0.805,0.011,0.927,0.054,4.47,0.92
0.010,0.010,2,0.5,0.1,100.00,0.858,0.012,0.927,0.057,2.16,0.93
0.100,0.100,4,0.6,0.1,1.00,0.812,0.012,0.927,0.056,4.49,0.93
0.100,0.100,4,0.2,0.1,100.00,0.457,0.013,0.928,0.041,21.25,0.92
0.100,0.010,1,0.7,0.1,100.00,0.874,0.012,0.928,0.058,8.12,0.92
0.010,0.100,2,0.5,0.1,1.00,0.864,0.011,0.929,0.042,2.53,0.92
0.010,0.010,1,0.7,0.1,100.00,0.877,0.012,0.929,0.058,2.14,0.93
0.010,0.100,3,0.5,0.1,1.00,0.865,0.011,0.929,0.042,3.95,0.92
0.010,0.100,4,0.5,0.1,1.00,0.866,0.011,0.930,0.042,3.15,0.92
0.010,0.100,5,0.5,0.1,1.00,0.866,0.011,0.930,0.042,2.51,0.92
0.100,0.010,3,0.5,0.1,100.00,0.700,0.006,0.931,0.032,23.34,0.92
0.100,0.010,2,0.1,0.1,100.00,0.827,0.011,0.932,0.056,6.23,0.92
0.010,0.010,2,0.6,0.1,100.00,0.866,0.013,0.932,0.059,2.03,0.93
0.010,0.010,4,0.7,0.1,100.00,0.881,0.013,0.933,0.060,2.70,0.92
0.100,0.100,2,0.7,0.1,1.00,0.865,0.014,0.933,0.060,3.06,0.93
0.010,0.010,5,0.7,0.1,100.00,0.883,0.013,0.933,0.059,2.72,0.92
0.100,0.010,3,0.6,0.1,100.00,0.700,0.006,0.934,0.032,30.09,0.93
0.010,0.100,1,0.8,0.1,1.00,0.898,0.009,0.934,0.045,2.20,0.93
0.100,0.100,4,0.3,0.1,100.00,0.456,0.013,0.935,0.040,25.02,0.92
0.100,0.010,3,0.7,0.1,100.00,0.701,0.006,0.935,0.030,31.80,0.92
0.010,0.010,2,0.7,0.1,100.00,0.876,0.013,0.938,0.060,2.14,0.93
0.100,0.100,4,0.7,0.1,1.00,0.826,0.012,0.939,0.063,4.22,0.92
0.100,0.010,4,0.3,0.1,100.00,0.631,0.015,0.940,0.038,18.82,0.93
0.100,0.010,5,0.4,0.1,10.00,0.714,0.009,0.940,0.070,5.65,0.92
0.100,0.100,4,0.4,0.1,100.00,0.457,0.013,0.940,0.039,24.58,0.93
0.100,0.010,3,0.8,0.1,100.00,0.705,0.006,0.940,0.027,40.05,0.92
0.100,0.010,2,0.2,0.1,100.00,0.830,0.011,0.941,0.056,7.48,0.92
0.100,0.100,5,0.1,0.1,100.00,0.438,0.012,0.942,0.042,19.07,0.92
0.100,0.010,3,0.5,0.1,10.00,0.813,0.010,0.943,0.054,4.68,0.93
0.100,0.100,4,0.8,0.1,100.00,0.484,0.014,0.943,0.040,38.21,0.93
0.010,0.010,4,0.8,0.1,100.00,0.898,0.013,0.943,0.061,2.57,0.92
0.100,0.100,4,0.5,0.1,100.00,0.460,0.013,0.943,0.038,30.63,0.93
0.100,0.100,4,0.7,0.1,100.00,0.473,0.013,0.943,0.038,39.12,0.92
0.100,0.010,2,0.3,0.1,100.00,0.834,0.011,0.944,0.058,9.18,0.92
0.010,0.010,5,0.8,0.1,100.00,0.900,0.013,0.944,0.061,2.67,0.92
0.100,0.010,1,0.8,0.1,100.00,0.897,0.012,0.944,0.061,9.33,0.92
0.100,0.100,4,0.6,0.1,100.00,0.465,0.014,0.944,0.037,33.66,0.93
0.010,0.010,1,0.8,0.1,100.00,0.898,0.012,0.944,0.061,2.37,0.92
0.010,0.100,2,0.6,0.1,1.00,0.886,0.012,0.945,0.040,2.52,0.92
0.100,0.100,3,0.7,0.1,1.00,0.854,0.011,0.945,0.063,4.45,0.91
0.010,0.100,3,0.6,0.1,1.00,0.888,0.012,0.946,0.039,3.68,0.92
0.100,0.100,5,0.7,0.1,1.00,0.817,0.013,0.947,0.057,4.14,0.91
0.010,0.100,4,0.6,0.1,1.00,0.889,0.012,0.947,0.039,3.09,0.92
0.010,0.100,5,0.6,0.1,1.00,0.889,0.012,0.947,0.039,2.45,0.92
0.100,0.010,2,0.4,0.1,100.00,0.839,0.011,0.948,0.059,10.74,0.93
0.010,0.010,2,0.8,0.1,100.00,0.889,0.013,0.948,0.062,2.06,0.93
0.100,0.010,4,0.1,0.1,10.00,0.840,0.014,0.952,0.068,3.69,0.92
0.100,0.100,1,0.8,0.1,1.00,0.914,0.010,0.953,0.056,2.79,0.93
0.100,0.100,4,0.9,0.1,100.00,0.504,0.013,0.953,0.042,41.26,0.94
0.100,0.100,2,0.8,0.1,1.00,0.890,0.015,0.953,0.068,2.90,0.92
0.100,0.010,3,0.9,0.1,100.00,0.719,0.006,0.953,0.035,40.67,0.92
0.100,0.010,2,0.5,0.1,100.00,0.844,0.011,0.955,0.059,12.27,0.93
0.100,0.010,5,0.2,0.1,100.00,0.573,0.010,0.957,0.038,16.73,0.92
0.100,0.010,5,0.5,0.1,10.00,0.712,0.010,0.957,0.070,6.34,0.93
0.100,0.010,4,0.4,0.1,100.00,0.623,0.015,0.959,0.041,22.69,0.93
0.100,0.010,2,0.6,0.1,100.00,0.851,0.011,0.963,0.060,12.70,0.93
0.010,0.010,2,0.9,0.1,100.00,0.906,0.014,0.964,0.062,2.03,0.93
0.100,0.010,4,0.2,0.1,10.00,0.818,0.015,0.964,0.073,3.63,0.92
0.100,0.010,3,0.6,0.1,10.00,0.826,0.010,0.964,0.056,5.15,0.93
0.100,0.010,2,0.1,0.1,10.00,0.907,0.014,0.965,0.062,2.69,0.93
0.100,0.100,5,0.2,0.1,100.00,0.424,0.011,0.965,0.042,22.21,0.93
0.100,0.010,2,0.2,0.1,10.00,0.902,0.015,0.968,0.064,3.05,0.93
0.100,0.100,4,0.8,0.1,1.00,0.856,0.013,0.968,0.075,4.08,0.92
0.010,0.010,5,0.9,0.1,100.00,0.933,0.014,0.969,0.064,2.54,0.93
0.010,0.010,4,0.9,0.1,100.00,0.932,0.015,0.969,0.064,2.44,0.93
0.100,0.010,2,0.7,0.1,100.00,0.859,0.012,0.970,0.059,19.63,0.93
0.010,0.100,2,0.7,0.1,1.00,0.919,0.012,0.970,0.039,2.54,0.93
0.100,0.010,2,0.3,0.1,10.00,0.899,0.015,0.971,0.066,3.24,0.93
0.100,0.010,4,0.3,0.1,10.00,0.806,0.016,0.972,0.078,4.46,0.92
0.010,0.100,3,0.7,0.1,1.00,0.922,0.011,0.973,0.039,3.80,0.93
0.100,0.010,2,0.4,0.1,10.00,0.899,0.015,0.974,0.065,3.24,0.93
0.100,0.010,4,0.5,0.1,100.00,0.618,0.015,0.975,0.045,27.02,0.93
0.010,0.100,4,0.7,0.1,1.00,0.925,0.012,0.975,0.040,2.56,0.93
0.010,0.100,5,0.7,0.1,1.00,0.925,0.012,0.975,0.040,2.43,0.93
0.010,0.010,3,0.1,0.1,10.00,0.944,0.014,0.977,0.065,4.01,0.93
0.010,0.010,2,0.1,0.1,10.00,0.944,0.015,0.978,0.064,2.86,0.93
0.100,0.010,5,0.6,0.1,10.00,0.717,0.010,0.979,0.077,6.36,0.92
0.010,0.010,5,0.1,0.1,10.00,0.946,0.015,0.979,0.065,3.70,0.93
0.010,0.010,4,0.1,0.1,10.00,0.946,0.015,0.979,0.065,3.76,0.93
0.100,0.010,2,0.5,0.1,10.00,0.900,0.015,0.980,0.067,3.62,0.93
0.010,0.010,3,0.2,0.1,10.00,0.948,0.014,0.980,0.065,3.97,0.93
0.010,0.010,1,0.1,0.1,10.00,0.947,0.015,0.980,0.065,2.51,0.93
0.100,0.010,2,0.8,0.1,100.00,0.869,0.013,0.981,0.062,21.80,0.93
0.010,0.010,2,0.2,0.1,10.00,0.948,0.015,0.981,0.065,2.97,0.93
0.100,0.010,4,0.4,0.1,10.00,0.799,0.016,0.981,0.080,4.33,0.93
0.100,0.010,5,0.3,0.1,100.00,0.550,0.010,0.983,0.040,25.09,0.92
0.010,0.010,4,0.2,0.1,10.00,0.952,0.015,0.983,0.066,3.81,0.93
0.010,0.010,5,0.2,0.1,10.00,0.952,0.015,0.983,0.066,4.08,0.93
0.010,0.010,3,0.3,0.1,10.00,0.952,0.014,0.983,0.065,4.08,0.93
0.010,0.010,2,0.3,0.1,10.00,0.952,0.015,0.983,0.065,2.86,0.93
0.010,0.010,1,0.9,0.1,100.00,0.947,0.013,0.984,0.067,2.26,0.92
0.100,0.010,2,0.6,0.1,10.00,0.902,0.015,0.985,0.069,3.59,0.93
0.100,0.010,1,0.1,0.1,10.00,0.951,0.014,0.985,0.067,2.29,0.93
0.100,0.010,1,0.9,0.1,100.00,0.949,0.013,0.985,0.068,8.24,0.93
0.100,0.100,5,0.3,0.1,100.00,0.416,0.011,0.986,0.045,28.31,0.93
0.010,0.010,1,0.2,0.1,10.00,0.954,0.014,0.986,0.067,2.56,0.93
0.010,0.010,2,0.4,0.1,10.00,0.956,0.015,0.987,0.065,2.92,0.93
0.010,0.010,3,0.4,0.1,10.00,0.958,0.014,0.988,0.066,3.93,0.93
0.010,0.010,4,0.3,0.1,10.00,0.959,0.015,0.989,0.066,3.98,0.93
0.010,0.010,5,0.3,0.1,10.00,0.959,0.015,0.989,0.066,3.76,0.93
0.100,0.010,2,0.7,0.1,10.00,0.905,0.015,0.990,0.067,3.40,0.93
0.010,0.010,2,0.5,0.1,10.00,0.961,0.015,0.991,0.065,2.92,0.93
0.100,0.010,4,0.5,0.1,10.00,0.794,0.016,0.992,0.081,5.02,0.93
0.100,0.010,4,0.6,0.1,100.00,0.617,0.016,0.994,0.047,27.77,0.93
0.010,0.010,1,0.3,0.1,10.00,0.963,0.015,0.994,0.068,2.49,0.93
0.100,0.010,2,0.9,0.1,100.00,0.884,0.014,0.994,0.068,25.93,0.94
0.100,0.010,1,0.2,0.1,10.00,0.961,0.014,0.995,0.069,2.51,0.93
0.010,0.010,2,0.6,0.1,10.00,0.966,0.015,0.995,0.065,2.75,0.93
0.010,0.010,3,0.5,0.1,10.00,0.968,0.015,0.996,0.065,4.00,0.93
0.010,0.010,4,0.4,0.1,10.00,0.967,0.015,0.997,0.066,3.88,0.93
0.010,0.010,5,0.4,0.1,10.00,0.967,0.015,0.997,0.066,3.97,0.93
0.100,0.010,2,0.8,0.1,10.00,0.910,0.015,0.998,0.070,3.70,0.93
0.010,0.010,2,0.7,0.1,10.00,0.972,0.016,1.000,0.065,2.77,0.93
0.100,0.100,3,0.8,0.1,1.00,0.910,0.013,1.001,0.073,4.38,0.92
0.100,0.100,5,0.4,0.1,100.00,0.411,0.010,1.002,0.048,29.17,0.92
0.100,0.010,4,0.6,0.1,10.00,0.793,0.016,1.003,0.081,5.21,0.92
0.100,0.010,3,0.7,0.1,10.00,0.854,0.008,1.004,0.059,4.98,0.92
0.010,0.010,1,0.4,0.1,10.00,0.974,0.015,1.004,0.068,2.71,0.93
0.100,0.010,1,0.3,0.1,10.00,0.972,0.014,1.005,0.070,2.48,0.93
0.100,0.010,5,0.4,0.1,100.00,0.533,0.009,1.006,0.040,34.47,0.92
0.010,0.010,5,0.5,0.1,10.00,0.979,0.016,1.007,0.065,3.86,0.92
0.010,0.010,4,0.5,0.1,10.00,0.979,0.016,1.007,0.065,3.85,0.92
0.010,0.010,3,0.6,0.1,10.00,0.982,0.016,1.007,0.064,3.91,0.93
0.010,0.010,2,0.8,0.1,10.00,0.980,0.016,1.008,0.065,2.57,0.93
0.100,0.010,2,0.2,0.1,1.00,0.981,0.017,1.012,0.074,1.84,0.92
0.100,0.010,2,0.3,0.1,1.00,0.977,0.017,1.015,0.076,1.96,0.93
0.100,0.010,5,0.7,0.1,10.00,0.733,0.012,1.016,0.083,6.54,0.93
0.100,0.010,1,0.4,0.1,10.00,0.985,0.015,1.016,0.071,2.40,0.93
0.100,0.010,4,0.7,0.1,10.00,0.794,0.017,1.017,0.082,5.08,0.92
0.100,0.010,4,0.7,0.1,100.00,0.619,0.016,1.018,0.046,34.40,0.94
0.100,0.100,5,0.5,0.1,100.00,0.409,0.009,1.018,0.051,36.65,0.92
0.010,0.010,1,0.5,0.1,10.00,0.989,0.017,1.019,0.067,2.76,0.92
0.100,0.010,2,0.9,0.1,10.00,0.926,0.015,1.019,0.075,3.79,0.93
0.010,0.100,2,0.8,0.1,1.00,0.976,0.011,1.019,0.046,2.48,0.92
0.100,0.010,2,0.4,0.1,1.00,0.979,0.017,1.020,0.079,1.91,0.93
0.010,0.010,4,0.6,0.1,10.00,0.994,0.016,1.020,0.065,3.66,0.93
0.010,0.010,5,0.6,0.1,10.00,0.995,0.016,1.020,0.064,3.74,0.92
0.100,0.100,5,0.8,0.1,1.00,0.878,0.014,1.020,0.077,4.01,0.92
0.010,0.010,2,0.9,0.1,10.00,0.996,0.016,1.022,0.068,2.61,0.93
0.100,0.010,2,0.1,0.1,1.00,0.996,0.016,1.022,0.069,1.96,0.93
0.100,0.010,5,0.5,0.1,100.00,0.520,0.009,1.025,0.041,41.43,0.92
0.010,0.100,3,0.8,0.1,1.00,0.985,0.009,1.027,0.046,3.66,0.92
0.010,0.010,3,0.7,0.1,10.00,1.004,0.016,1.029,0.064,3.75,0.93
0.100,0.010,2,0.5,0.1,1.00,0.987,0.018,1.031,0.082,1.94,0.94
0.100,0.100,5,0.6,0.1,100.00,0.408,0.009,1.032,0.050,40.68,0.94
0.100,0.010,1,0.5,0.1,10.00,1.002,0.016,1.033,0.073,2.74,0.93
0.010,0.100,4,0.8,0.1,1.00,0.990,0.010,1.033,0.046,2.52,0.92
0.010,0.100,5,0.8,0.1,1.00,0.991,0.010,1.033,0.046,2.41,0.92
0.010,0.100,1,0.9,0.1,1.00,1.008,0.012,1.034,0.055,2.43,0.94
0.100,0.100,2,0.9,0.1,1.00,0.978,0.017,1.035,0.079,2.86,0.93
0.100,0.010,4,0.8,0.1,10.00,0.798,0.017,1.037,0.085,5.42,0.92
0.010,0.010,1,0.6,0.1,10.00,1.010,0.017,1.038,0.070,2.57,0.92
0.010,0.010,4,0.7,0.1,10.00,1.017,0.016,1.040,0.063,3.51,0.93
0.010,0.010,5,0.7,0.1,10.00,1.018,0.016,1.041,0.064,3.77,0.93
0.100,0.010,5,0.6,0.1,100.00,0.510,0.009,1.042,0.041,53.81,0.92
0.100,0.100,1,0.9,0.1,1.00,1.012,0.014,1.043,0.068,2.81,0.93
0.100,0.100,5,0.7,0.1,100.00,0.410,0.010,1.044,0.050,41.88,0.93
0.100,0.010,4,0.8,0.1,100.00,0.625,0.017,1.046,0.051,40.47,0.93
0.100,0.010,2,0.6,0.1,1.00,1.002,0.018,1.050,0.084,2.11,0.94
0.100,0.010,1,0.6,0.1,10.00,1.023,0.016,1.052,0.075,2.77,0.93
0.100,0.100,5,0.8,0.1,100.00,0.415,0.010,1.054,0.054,47.83,0.93
0.100,0.010,5,0.7,0.1,100.00,0.503,0.009,1.061,0.041,62.59,0.92
0.100,0.100,5,0.9,0.1,100.00,0.427,0.011,1.063,0.056,48.58,0.92
0.010,0.010,1,0.7,0.1,10.00,1.039,0.018,1.066,0.071,2.84,0.93
0.100,0.010,4,0.2,0.1,1.00,1.007,0.019,1.067,0.078,2.65,0.93
0.100,0.010,3,0.8,0.1,10.00,0.906,0.009,1.068,0.067,5.18,0.94
0.100,0.010,4,0.9,0.1,10.00,0.817,0.018,1.069,0.089,5.95,0.92
0.010,0.010,3,0.8,0.1,10.00,1.047,0.016,1.072,0.063,3.87,0.94
0.100,0.010,4,0.3,0.1,1.00,0.999,0.018,1.073,0.083,2.67,0.93
0.100,0.010,4,0.1,0.1,1.00,1.027,0.018,1.073,0.073,2.49,0.93
0.100,0.010,5,0.8,0.1,10.00,0.764,0.014,1.074,0.088,7.52,0.93
0.100,0.010,1,0.7,0.1,10.00,1.052,0.018,1.081,0.075,2.60,0.94
0.100,0.010,4,0.4,0.1,1.00,0.997,0.018,1.081,0.089,3.01,0.93
0.010,0.010,4,0.8,0.1,10.00,1.060,0.018,1.082,0.062,3.65,0.94
0.100,0.010,2,0.7,0.1,1.00,1.036,0.020,1.084,0.086,1.95,0.94
0.100,0.010,4,0.9,0.1,100.00,0.638,0.019,1.084,0.061,37.99,0.93
0.010,0.010,5,0.8,0.1,10.00,1.061,0.017,1.084,0.062,3.86,0.94
0.100,0.010,5,0.8,0.1,100.00,0.500,0.010,1.084,0.041,73.60,0.92
0.100,0.100,4,0.9,0.1,1.00,0.966,0.017,1.087,0.096,4.02,0.93
0.100,0.010,4,0.5,0.1,1.00,1.001,0.018,1.094,0.092,2.89,0.93
0.100,0.010,5,0.9,0.1,100.00,0.509,0.010,1.109,0.052,73.44,0.93
0.010,0.010,1,0.8,0.1,10.00,1.086,0.019,1.112,0.073,2.77,0.94
0.100,0.010,4,0.6,0.1,1.00,1.018,0.020,1.118,0.099,3.16,0.94
0.100,0.010,1,0.8,0.1,10.00,1.098,0.019,1.126,0.076,3.02,0.94
0.100,0.100,1,0.2,0.1,0.10,1.123,0.012,1.149,0.060,2.73,0.94
0.100,0.010,4,0.7,0.1,1.00,1.047,0.020,1.152,0.104,3.54,0.94
0.100,0.100,1,0.3,0.1,0.10,1.128,0.010,1.153,0.062,2.70,0.93
0.100,0.010,5,0.1,0.1,1.00,1.094,0.018,1.158,0.079,3.57,0.93
0.100,0.100,1,0.4,0.1,0.10,1.142,0.012,1.167,0.063,2.68,0.94
0.010,0.010,3,0.9,0.1,10.00,1.149,0.017,1.170,0.062,3.66,0.95
0.010,0.010,4,0.9,0.1,10.00,1.152,0.014,1.171,0.061,3.60,0.94
0.100,0.010,2,0.8,0.1,1.00,1.123,0.021,1.174,0.091,2.05,0.94
0.100,0.100,1,0.1,0.1,0.10,1.144,0.014,1.175,0.063,2.62,0.94
0.100,0.100,3,0.9,0.1,1.00,1.081,0.014,1.177,0.106,4.49,0.94
0.100,0.010,5,0.2,0.1,1.00,1.090,0.017,1.177,0.087,3.82,0.94
0.010,0.010,5,0.9,0.1,10.00,1.160,0.015,1.178,0.062,3.67,0.93
0.100,0.010,3,0.1,0.1,1.00,1.135,0.018,1.179,0.086,2.66,0.94
0.100,0.100,3,0.1,0.1,0.10,1.151,0.011,1.185,0.068,4.10,0.93
0.100,0.010,5,0.9,0.1,10.00,0.837,0.021,1.186,0.094,7.43,0.94
0.010,0.010,2,0.1,0.1,1.00,1.169,0.013,1.188,0.065,2.57,0.94
0.100,0.010,1,0.1,0.1,1.00,1.174,0.017,1.191,0.065,1.70,0.93
0.010,0.010,1,0.9,0.1,10.00,1.172,0.019,1.192,0.073,2.77,0.93
0.100,0.100,1,0.5,0.1,0.10,1.169,0.014,1.192,0.064,2.63,0.93
0.100,0.010,3,0.9,0.1,10.00,1.017,0.013,1.194,0.087,5.37,0.93
0.010,0.010,1,0.1,0.1,1.00,1.176,0.014,1.194,0.065,2.56,0.94
0.100,0.100,4,0.1,0.1,0.10,1.158,0.016,1.194,0.072,4.07,0.93
0.010,0.010,4,0.1,0.1,1.00,1.178,0.013,1.196,0.065,4.16,0.94
0.010,0.010,3,0.1,0.1,1.00,1.177,0.013,1.196,0.065,4.15,0.94
0.010,0.010,5,0.1,0.1,1.00,1.178,0.013,1.196,0.065,4.06,0.94
0.100,0.010,5,0.3,0.1,1.00,1.097,0.018,1.196,0.096,3.86,0.94
0.100,0.100,4,0.2,0.1,0.10,1.160,0.016,1.198,0.077,4.01,0.94
0.010,0.010,2,0.2,0.1,1.00,1.181,0.013,1.200,0.065,2.65,0.95
0.100,0.010,1,0.9,0.1,10.00,1.178,0.020,1.200,0.078,3.16,0.94
0.010,0.100,2,0.9,0.1,1.00,1.165,0.016,1.201,0.067,2.32,0.93
0.100,0.010,3,0.2,0.1,1.00,1.144,0.019,1.203,0.096,2.77,0.94
0.100,0.100,5,0.1,0.1,0.10,1.169,0.011,1.208,0.073,3.89,0.93
0.100,0.010,1,0.2,0.1,1.00,1.190,0.018,1.209,0.068,1.79,0.93
0.100,0.100,3,0.2,0.1,0.10,1.177,0.012,1.211,0.074,4.04,0.92
0.010,0.010,2,0.3,0.1,1.00,1.195,0.014,1.212,0.064,2.57,0.95
0.010,0.010,1,0.2,0.1,1.00,1.196,0.014,1.214,0.066,2.51,0.94
0.010,0.010,4,0.2,0.1,1.00,1.200,0.014,1.217,0.066,4.15,0.94
0.010,0.010,3,0.2,0.1,1.00,1.200,0.014,1.217,0.066,3.88,0.94
0.010,0.010,5,0.2,0.1,1.00,1.200,0.014,1.217,0.066,4.05,0.94
0.100,0.100,5,0.9,0.1,1.00,1.069,0.014,1.224,0.127,3.96,0.93
0.100,0.010,5,0.4,0.1,1.00,1.113,0.021,1.224,0.105,4.07,0.94
0.100,0.010,1,0.3,0.1,1.00,1.206,0.019,1.225,0.069,1.87,0.94
0.100,0.100,1,0.6,0.1,0.10,1.205,0.014,1.227,0.065,2.56,0.94
0.100,0.100,4,0.3,0.1,0.10,1.187,0.016,1.228,0.089,3.93,0.94
0.100,0.010,3,0.3,0.1,1.00,1.162,0.020,1.229,0.103,2.88,0.94
0.010,0.010,2,0.4,0.1,1.00,1.213,0.014,1.231,0.067,2.66,0.95
0.010,0.100,3,0.9,0.1,1.00,1.196,0.015,1.231,0.075,3.85,0.93
0.010,0.010,1,0.3,0.1,1.00,1.218,0.015,1.235,0.066,2.42,0.94
0.100,0.010,4,0.8,0.1,1.00,1.125,0.021,1.239,0.118,3.47,0.93
0.100,0.010,1,0.4,0.1,1.00,1.225,0.020,1.244,0.070,1.90,0.94
0.100,0.100,2,0.1,0.1,0.10,1.208,0.020,1.244,0.080,2.63,0.94
0.010,0.010,4,0.3,0.1,1.00,1.226,0.015,1.244,0.066,4.17,0.94
0.010,0.010,3,0.3,0.1,1.00,1.226,0.015,1.244,0.066,4.08,0.94
0.010,0.010,5,0.3,0.1,1.00,1.227,0.015,1.244,0.066,4.10,0.94
0.010,0.100,4,0.9,0.1,1.00,1.211,0.017,1.247,0.077,2.50,0.93
0.010,0.100,5,0.9,0.1,1.00,1.212,0.016,1.248,0.077,2.55,0.93
0.010,0.010,2,0.5,0.1,1.00,1.235,0.015,1.253,0.067,2.46,0.96
0.100,0.010,5,0.5,0.1,1.00,1.138,0.022,1.256,0.115,3.86,0.95
0.100,0.100,2,0.2,0.1,0.10,1.220,0.022,1.257,0.085,2.55,0.94
0.100,0.010,3,0.4,0.1,1.00,1.186,0.021,1.258,0.108,2.66,0.93
0.010,0.010,1,0.4,0.1,1.00,1.242,0.016,1.260,0.067,2.63,0.94
0.100,0.010,1,0.5,0.1,1.00,1.244,0.020,1.263,0.071,1.88,0.94
0.100,0.100,3,0.3,0.1,0.10,1.224,0.013,1.263,0.084,4.00,0.93
0.100,0.100,5,0.2,0.1,0.10,1.225,0.013,1.271,0.091,3.85,0.93
0.100,0.100,1,0.7,0.1,0.10,1.250,0.013,1.271,0.070,2.39,0.95
0.010,0.010,4,0.4,0.1,1.00,1.257,0.015,1.274,0.067,4.04,0.95
0.010,0.010,3,0.4,0.1,1.00,1.257,0.015,1.274,0.068,4.24,0.95
0.010,0.010,5,0.4,0.1,1.00,1.258,0.015,1.275,0.067,4.11,0.95
0.100,0.100,4,0.4,0.1,0.10,1.234,0.015,1.277,0.097,4.00,0.94
0.100,0.010,1,0.6,0.1,1.00,1.264,0.020,1.284,0.072,1.94,0.95
0.100,0.100,2,0.3,0.1,0.10,1.250,0.024,1.286,0.092,2.48,0.94
0.010,0.010,1,0.5,0.1,1.00,1.269,0.016,1.287,0.068,2.65,0.95
0.010,0.010,2,0.6,0.1,1.00,1.268,0.012,1.287,0.073,2.56,0.95
0.010,0.100,1,0.1,0.1,0.10,1.251,0.019,1.288,0.088,2.09,0.93
0.100,0.010,3,0.5,0.1,1.00,1.216,0.022,1.292,0.115,2.74,0.94
0.100,0.010,5,0.6,0.1,1.00,1.179,0.023,1.305,0.126,4.04,0.95
0.010,0.100,2,0.1,0.1,0.10,1.268,0.019,1.306,0.090,2.29,0.93
0.100,0.010,1,0.7,0.1,1.00,1.286,0.019,1.306,0.074,1.98,0.95
0.010,0.100,3,0.1,0.1,0.10,1.269,0.019,1.307,0.090,3.17,0.93
0.010,0.100,4,0.1,0.1,0.10,1.269,0.019,1.307,0.091,3.18,0.93
0.010,0.100,5,0.1,0.1,0.10,1.269,0.019,1.307,0.091,3.58,0.93
0.010,0.010,1,0.6,0.1,1.00,1.298,0.017,1.315,0.068,2.73,0.96
0.010,0.010,4,0.5,0.1,1.00,1.301,0.015,1.319,0.070,4.04,0.95
0.010,0.010,3,0.5,0.1,1.00,1.301,0.015,1.319,0.070,4.18,0.95
0.010,0.010,5,0.5,0.1,1.00,1.302,0.015,1.320,0.070,4.15,0.95
0.100,0.100,3,0.4,0.1,0.10,1.282,0.018,1.321,0.094,3.94,0.93
0.100,0.100,1,0.8,0.1,0.10,1.308,0.016,1.327,0.072,2.33,0.96
0.100,0.010,1,0.8,0.1,1.00,1.311,0.019,1.331,0.074,2.00,0.95
0.010,0.100,1,0.2,0.1,0.10,1.301,0.023,1.336,0.097,1.94,0.93
0.100,0.010,3,0.6,0.1,1.00,1.259,0.021,1.339,0.125,2.76,0.95
0.010,0.010,2,0.7,0.1,1.00,1.321,0.017,1.345,0.086,2.47,0.95
0.100,0.100,5,0.3,0.1,0.10,1.293,0.015,1.346,0.110,3.61,0.93
0.100,0.100,2,0.4,0.1,0.10,1.311,0.026,1.347,0.098,2.51,0.93
0.010,0.010,1,0.7,0.1,1.00,1.331,0.017,1.348,0.070,2.63,0.96
0.100,0.010,1,0.9,0.1,1.00,1.337,0.020,1.360,0.076,1.87,0.95
0.100,0.100,4,0.5,0.1,0.10,1.323,0.015,1.371,0.109,3.90,0.93
0.010,0.100,2,0.2,0.1,0.10,1.342,0.023,1.378,0.104,2.21,0.93
0.010,0.100,3,0.2,0.1,0.10,1.343,0.023,1.379,0.104,3.12,0.93
0.010,0.100,4,0.2,0.1,0.10,1.344,0.023,1.379,0.104,3.39,0.93
0.010,0.100,5,0.2,0.1,0.10,1.344,0.023,1.379,0.104,3.62,0.93
0.010,0.010,3,0.6,0.1,1.00,1.359,0.019,1.382,0.077,4.17,0.96
0.100,0.010,5,0.7,0.1,1.00,1.245,0.024,1.383,0.145,4.20,0.94
0.010,0.010,4,0.6,0.1,1.00,1.360,0.019,1.385,0.078,4.05,0.96
0.010,0.010,5,0.6,0.1,1.00,1.362,0.019,1.387,0.078,4.09,0.96
0.010,0.010,1,0.8,0.1,1.00,1.369,0.016,1.387,0.072,2.77,0.96
0.100,0.100,3,0.5,0.1,0.10,1.348,0.021,1.390,0.105,3.79,0.93
0.100,0.100,1,0.9,0.1,0.10,1.375,0.016,1.394,0.074,2.62,0.96
0.010,0.100,1,0.3,0.1,0.10,1.362,0.022,1.396,0.108,2.00,0.93
0.100,0.010,3,0.7,0.1,1.00,1.316,0.025,1.404,0.133,2.67,0.95
0.010,0.010,1,0.9,0.1,1.00,1.410,0.017,1.428,0.072,2.68,0.96
0.100,0.100,5,0.4,0.1,0.10,1.375,0.020,1.431,0.125,3.89,0.95
0.100,0.100,2,0.5,0.1,0.10,1.418,0.024,1.450,0.116,2.73,0.94
0.100,0.100,3,0.6,0.1,0.10,1.424,0.025,1.466,0.115,3.88,0.94
0.010,0.010,2,0.8,0.1,1.00,1.444,0.021,1.467,0.118,2.46,0.95
0.010,0.100,1,0.4,0.1,0.10,1.438,0.018,1.469,0.117,2.07,0.94
0.010,0.100,2,0.3,0.1,0.10,1.440,0.018,1.474,0.119,2.13,0.94
0.010,0.100,3,0.3,0.1,0.10,1.442,0.018,1.476,0.119,3.16,0.94
0.010,0.010,3,0.7,0.1,1.00,1.446,0.024,1.477,0.102,4.11,0.95
0.010,0.100,4,0.3,0.1,0.10,1.443,0.018,1.477,0.119,3.29,0.94
0.010,0.100,5,0.3,0.1,0.10,1.443,0.018,1.477,0.119,3.76,0.94
0.010,0.010,4,0.7,0.1,1.00,1.450,0.024,1.480,0.102,4.14,0.95
0.010,0.010,5,0.7,0.1,1.00,1.453,0.024,1.482,0.102,3.91,0.95
0.100,0.010,1,0.9,0.1,0.10,1.463,0.017,1.486,0.077,2.51,0.96
0.100,0.010,3,0.8,0.1,1.00,1.400,0.028,1.494,0.146,2.77,0.95
0.100,0.010,1,0.8,0.1,0.10,1.471,0.019,1.496,0.079,2.49,0.96
0.100,0.010,1,0.7,0.1,0.10,1.482,0.019,1.507,0.083,2.67,0.96
0.100,0.010,1,0.6,0.1,0.10,1.497,0.022,1.524,0.090,2.65,0.95
0.100,0.010,5,0.8,0.1,1.00,1.368,0.029,1.526,0.168,4.11,0.94
0.100,0.010,2,0.9,0.1,1.00,1.472,0.032,1.533,0.080,1.95,0.95
0.100,0.100,5,0.5,0.1,0.10,1.478,0.024,1.538,0.141,3.77,0.94
0.100,0.010,1,0.5,0.1,0.10,1.515,0.023,1.545,0.099,2.56,0.95
0.100,0.100,4,0.6,0.1,0.10,1.497,0.025,1.546,0.119,4.05,0.95
0.010,0.100,1,0.5,0.1,0.10,1.528,0.011,1.553,0.121,1.86,0.93
0.100,0.100,3,0.7,0.1,0.10,1.520,0.027,1.561,0.129,3.95,0.95
0.100,0.010,1,0.4,0.1,0.10,1.546,0.024,1.577,0.108,2.39,0.95
0.010,0.100,2,0.4,0.1,0.10,1.563,0.011,1.591,0.127,2.05,0.94
0.010,0.100,3,0.4,0.1,0.10,1.566,0.011,1.594,0.127,3.36,0.94
0.010,0.100,4,0.4,0.1,0.10,1.568,0.011,1.596,0.128,3.25,0.94
0.010,0.100,5,0.4,0.1,0.10,1.568,0.011,1.596,0.128,3.76,0.94
0.100,0.010,1,0.3,0.1,0.10,1.594,0.019,1.620,0.114,2.34,0.95
0.010,0.010,3,0.8,0.1,1.00,1.606,0.017,1.626,0.120,4.04,0.96
0.010,0.010,4,0.8,0.1,1.00,1.616,0.018,1.634,0.117,3.99,0.95
0.100,0.010,3,0.9,0.1,1.00,1.529,0.034,1.634,0.152,2.76,0.95
0.010,0.010,5,0.8,0.1,1.00,1.619,0.018,1.637,0.117,3.85,0.95
0.100,0.100,2,0.6,0.1,0.10,1.605,0.022,1.639,0.132,2.72,0.95
0.010,0.100,1,0.6,0.1,0.10,1.633,0.014,1.655,0.129,1.88,0.94
0.100,0.100,5,0.6,0.1,0.10,1.607,0.030,1.676,0.157,3.69,0.94
0.100,0.010,1,0.2,0.1,0.10,1.660,0.020,1.678,0.119,2.35,0.96
0.100,0.100,3,0.8,0.1,0.10,1.636,0.030,1.682,0.139,4.12,0.94
0.100,0.010,4,0.9,0.1,1.00,1.558,0.033,1.687,0.130,3.63,0.96
0.010,0.100,2,0.5,0.1,0.10,1.721,0.008,1.745,0.143,2.26,0.94
0.010,0.100,3,0.5,0.1,0.10,1.725,0.009,1.749,0.142,3.18,0.94
0.010,0.100,4,0.5,0.1,0.10,1.729,0.009,1.753,0.142,3.40,0.94
0.010,0.100,5,0.5,0.1,0.10,1.729,0.009,1.753,0.142,3.62,0.94
0.010,0.100,1,0.7,0.1,0.10,1.750,0.019,1.769,0.134,2.03,0.94
0.100,0.010,3,0.2,0.1,0.10,1.747,0.031,1.770,0.130,3.60,0.95
0.100,0.010,1,0.1,0.1,0.10,1.753,0.019,1.770,0.134,2.33,0.94
0.100,0.010,3,0.3,0.1,0.10,1.755,0.032,1.783,0.139,3.44,0.96
0.100,0.010,3,0.1,0.1,0.10,1.780,0.029,1.798,0.135,3.38,0.96
0.100,0.010,3,0.4,0.1,0.10,1.773,0.034,1.805,0.142,3.61,0.96
0.100,0.010,3,0.5,0.1,0.10,1.798,0.034,1.834,0.146,3.59,0.96
0.100,0.100,3,0.9,0.1,0.10,1.786,0.036,1.839,0.150,4.09,0.95
0.010,0.010,2,0.9,0.1,1.00,1.829,0.025,1.843,0.138,2.50,0.94
0.100,0.100,5,0.7,0.1,0.10,1.778,0.035,1.857,0.174,3.68,0.94
0.100,0.010,3,0.6,0.1,0.10,1.829,0.036,1.867,0.146,3.43,0.96
0.100,0.010,4,0.1,0.1,0.10,1.848,0.024,1.867,0.140,3.96,0.95
0.100,0.100,4,0.7,0.1,0.10,1.820,0.027,1.876,0.132,4.00,0.95
0.100,0.010,5,0.9,0.1,1.00,1.680,0.042,1.878,0.212,4.46,0.95
0.100,0.010,4,0.2,0.1,0.10,1.865,0.025,1.888,0.138,4.00,0.96
0.100,0.010,5,0.1,0.1,0.10,1.874,0.035,1.898,0.136,4.11,0.95
0.100,0.010,3,0.7,0.1,0.10,1.863,0.038,1.909,0.149,3.54,0.95
0.100,0.010,2,0.1,0.1,0.10,1.908,0.023,1.923,0.142,2.54,0.96
0.010,0.100,1,0.8,0.1,0.10,1.917,0.021,1.935,0.150,1.87,0.95
0.100,0.010,3,0.8,0.1,0.10,1.900,0.037,1.951,0.152,3.71,0.96
0.100,0.010,2,0.2,0.1,0.10,1.944,0.024,1.961,0.139,2.50,0.95
0.100,0.010,5,0.2,0.1,0.10,1.934,0.038,1.966,0.158,4.18,0.95
0.010,0.010,3,0.9,0.1,1.00,1.957,0.029,1.969,0.141,4.21,0.96
0.010,0.100,2,0.6,0.1,0.10,1.949,0.018,1.973,0.156,2.23,0.94
0.010,0.100,3,0.6,0.1,0.10,1.953,0.017,1.977,0.156,3.34,0.94
0.010,0.100,4,0.6,0.1,0.10,1.959,0.019,1.983,0.156,3.48,0.94
0.010,0.100,5,0.6,0.1,0.10,1.959,0.019,1.983,0.156,3.57,0.94
0.100,0.010,3,0.9,0.1,0.10,1.938,0.037,1.991,0.155,3.97,0.96
0.100,0.100,2,0.7,0.1,0.10,1.964,0.023,2.001,0.159,2.61,0.96
0.010,0.010,4,0.9,0.1,1.00,1.991,0.025,2.003,0.145,4.06,0.96
0.010,0.010,5,0.9,0.1,1.00,1.994,0.026,2.006,0.145,4.01,0.96
0.100,0.010,4,0.3,0.1,0.10,1.989,0.019,2.017,0.138,4.00,0.95
0.010,0.010,1,0.1,0.1,0.10,2.022,0.029,2.032,0.144,2.33,0.97
0.100,0.010,5,0.3,0.1,0.10,2.009,0.039,2.052,0.177,4.30,0.96
0.100,0.010,2,0.3,0.1,0.10,2.043,0.016,2.062,0.145,2.56,0.95
0.010,0.010,1,0.2,0.1,0.10,2.055,0.028,2.065,0.147,2.29,0.96
0.010,0.010,2,0.1,0.1,0.10,2.072,0.023,2.083,0.154,2.90,0.95
0.010,0.010,3,0.1,0.1,0.10,2.073,0.023,2.084,0.153,3.47,0.95
0.010,0.010,4,0.1,0.1,0.10,2.074,0.024,2.085,0.153,2.85,0.95
0.010,0.010,5,0.1,0.1,0.10,2.074,0.024,2.085,0.153,2.78,0.95
0.100,0.100,5,0.8,0.1,0.10,2.008,0.039,2.089,0.192,3.86,0.95
0.010,0.010,1,0.3,0.1,0.10,2.093,0.022,2.103,0.156,2.71,0.95
0.100,0.010,5,0.4,0.1,0.10,2.092,0.044,2.144,0.180,4.26,0.96
0.010,0.010,1,0.4,0.1,0.10,2.138,0.024,2.149,0.156,2.63,0.95
0.010,0.100,1,0.9,0.1,0.10,2.173,0.031,2.187,0.157,2.07,0.96
0.010,0.010,1,0.5,0.1,0.10,2.187,0.025,2.197,0.157,2.61,0.95
0.010,0.010,2,0.2,0.1,0.10,2.192,0.029,2.202,0.156,3.07,0.95
0.010,0.010,3,0.2,0.1,0.10,2.194,0.029,2.204,0.157,3.31,0.95
0.010,0.010,4,0.2,0.1,0.10,2.196,0.029,2.207,0.157,2.72,0.95
0.010,0.010,5,0.2,0.1,0.10,2.196,0.029,2.207,0.157,2.89,0.95
0.100,0.010,4,0.4,0.1,0.10,2.188,0.016,2.227,0.145,4.36,0.96
0.100,0.010,5,0.5,0.1,0.10,2.185,0.047,2.244,0.189,4.09,0.97
0.010,0.010,1,0.6,0.1,0.10,2.241,0.026,2.250,0.160,2.88,0.96
0.100,0.010,2,0.4,0.1,0.10,2.247,0.014,2.270,0.157,2.54,0.95
0.010,0.010,1,0.7,0.1,0.10,2.300,0.033,2.309,0.153,2.72,0.96
0.010,0.010,2,0.3,0.1,0.10,2.350,0.030,2.359,0.161,3.06,0.96
0.100,0.010,5,0.6,0.1,0.10,2.293,0.052,2.360,0.192,4.18,0.96
0.010,0.010,3,0.3,0.1,0.10,2.356,0.032,2.365,0.159,3.40,0.96
0.010,0.010,4,0.3,0.1,0.10,2.358,0.032,2.368,0.160,2.73,0.96
0.010,0.010,5,0.3,0.1,0.10,2.359,0.032,2.368,0.160,2.78,0.96
0.010,0.100,3,0.7,0.1,0.10,2.348,0.018,2.370,0.186,3.09,0.95
0.010,0.100,2,0.7,0.1,0.10,2.349,0.017,2.372,0.188,2.27,0.95
0.010,0.010,1,0.8,0.1,0.10,2.372,0.032,2.381,0.159,2.80,0.96
0.010,0.100,4,0.7,0.1,0.10,2.363,0.017,2.385,0.189,3.53,0.95
0.010,0.100,5,0.7,0.1,0.10,2.363,0.017,2.385,0.189,3.68,0.95
0.100,0.100,5,0.9,0.1,0.10,2.343,0.049,2.422,0.200,4.17,0.97
0.010,0.010,1,0.9,0.1,0.10,2.451,0.038,2.460,0.152,3.37,0.96
0.100,0.010,5,0.7,0.1,0.10,2.412,0.054,2.482,0.196,3.92,0.96
0.100,0.010,4,0.5,0.1,0.10,2.488,0.017,2.533,0.151,4.27,0.96
0.100,0.100,4,0.8,0.1,0.10,2.509,0.016,2.569,0.145,3.79,0.97
0.010,0.010,2,0.4,0.1,0.10,2.584,0.035,2.595,0.166,3.09,0.97
0.010,0.010,3,0.4,0.1,0.10,2.588,0.034,2.599,0.166,3.21,0.97
0.010,0.010,4,0.4,0.1,0.10,2.594,0.035,2.605,0.166,2.96,0.97
0.010,0.010,5,0.4,0.1,0.10,2.594,0.035,2.605,0.166,3.01,0.97
0.100,0.010,2,0.5,0.1,0.10,2.590,0.019,2.615,0.165,2.41,0.96
0.100,0.010,5,0.8,0.1,0.10,2.546,0.052,2.619,0.201,4.06,0.97
0.100,0.010,5,0.9,0.1,0.10,2.689,0.054,2.772,0.203,4.12,0.98
0.100,0.100,2,0.8,0.1,0.10,2.758,0.014,2.799,0.196,2.80,0.97
0.100,0.010,4,0.6,0.1,0.10,2.863,0.026,2.912,0.150,3.97,0.96
0.010,0.010,3,0.5,0.1,0.10,2.948,0.034,2.960,0.177,3.22,0.97
0.010,0.010,2,0.5,0.1,0.10,2.952,0.037,2.964,0.173,2.11,0.97
0.010,0.010,4,0.5,0.1,0.10,2.961,0.035,2.974,0.176,2.92,0.97
0.010,0.010,5,0.5,0.1,0.10,2.961,0.035,2.974,0.176,3.00,0.97
0.100,0.010,2,0.6,0.1,0.10,3.070,0.022,3.110,0.190,2.50,0.97
0.010,0.100,3,0.8,0.1,0.10,3.188,0.041,3.212,0.199,3.10,0.97
0.010,0.100,2,0.8,0.1,0.10,3.202,0.040,3.227,0.202,2.28,0.97
0.010,0.100,4,0.8,0.1,0.10,3.212,0.040,3.236,0.201,3.45,0.97
0.010,0.100,5,0.8,0.1,0.10,3.212,0.040,3.236,0.201,3.59,0.97
0.100,0.010,4,0.7,0.1,0.10,3.324,0.035,3.379,0.150,4.21,0.97
0.010,0.010,3,0.6,0.1,0.10,3.434,0.033,3.448,0.186,3.20,0.97
0.010,0.010,2,0.6,0.1,0.10,3.445,0.036,3.460,0.184,2.19,0.97
0.010,0.010,4,0.6,0.1,0.10,3.452,0.035,3.466,0.185,2.88,0.97
0.010,0.010,5,0.6,0.1,0.10,3.452,0.034,3.466,0.185,2.97,0.97
0.100,0.100,4,0.9,0.1,0.10,3.562,0.037,3.625,0.150,4.03,0.98
0.100,0.010,2,0.7,0.1,0.10,3.679,0.037,3.740,0.197,2.31,0.97
0.100,0.010,4,0.8,0.1,0.10,3.855,0.038,3.916,0.156,4.17,0.98
0.010,0.010,3,0.7,0.1,0.10,4.062,0.036,4.078,0.202,2.87,0.98
0.010,0.010,2,0.7,0.1,0.10,4.081,0.037,4.097,0.202,2.55,0.98
0.010,0.010,5,0.7,0.1,0.10,4.086,0.037,4.101,0.202,2.98,0.98
0.010,0.010,4,0.7,0.1,0.10,4.086,0.037,4.101,0.202,2.83,0.98
0.100,0.100,2,0.9,0.1,0.10,4.118,0.046,4.200,0.218,2.60,0.98
0.100,0.010,2,0.8,0.1,0.10,4.362,0.039,4.446,0.224,2.28,0.98
0.100,0.010,4,0.9,0.1,0.10,4.428,0.037,4.499,0.173,4.16,0.98
0.010,0.100,3,0.9,0.1,0.10,4.551,0.048,4.569,0.218,3.40,0.97
0.010,0.100,2,0.9,0.1,0.10,4.576,0.048,4.595,0.219,2.25,0.97
0.010,0.100,5,0.9,0.1,0.10,4.582,0.048,4.600,0.219,3.62,0.97
0.010,0.100,4,0.9,0.1,0.10,4.582,0.048,4.601,0.219,3.55,0.97
0.010,0.010,3,0.8,0.1,0.10,4.784,0.045,4.799,0.212,2.76,0.98
0.010,0.010,2,0.8,0.1,0.10,4.806,0.045,4.822,0.214,2.34,0.98
0.010,0.010,5,0.8,0.1,0.10,4.812,0.045,4.827,0.214,2.81,0.98
0.010,0.010,4,0.8,0.1,0.10,4.812,0.045,4.828,0.214,2.98,0.98
0.100,0.010,2,0.9,0.1,0.10,5.088,0.045,5.197,0.245,2.26,0.98
0.010,0.010,3,0.9,0.1,0.10,5.563,0.050,5.578,0.224,2.76,0.98
0.010,0.010,2,0.9,0.1,0.10,5.590,0.051,5.607,0.225,3.06,0.98
0.010,0.010,5,0.9,0.1,0.10,5.596,0.050,5.611,0.225,2.98,0.98
0.010,0.010,4,0.9,0.1,0.10,5.596,0.050,5.611,0.225,3.01,0.98
