,units,weights,learning_rate,lambda_reg,mean_val_loss,std_val_loss,mean_val_accuracy,std_val_accuracy,dataset
1200,1,0.8,0.1,0.001,0.44948599735895794,0.038649756004539716,0.7575188080469767,0.04611972272061971,monks2
1201,2,0.3,0.1,1e-05,0.4228265682856242,0.05006202500755112,0.7575188080469767,0.04611972272061971,monks2
1202,1,0.7,0.1,0.001,0.45823949575424194,0.03847508649733583,0.7575188080469767,0.04611972272061971,monks2
1203,1,0.8,0.1,1e-05,0.42437314987182617,0.03836315478959183,0.7575188080469767,0.04611972272061971,monks2
1204,1,0.5,0.1,1e-05,0.4175219237804413,0.03967449030271491,0.7575188080469767,0.04611972272061971,monks2
1205,1,0.8,0.05,0.0,0.42188936471939087,0.04320343419076647,0.7575188080469767,0.04611972272061971,monks2
1206,1,0.4,0.05,0.01,0.5375899374485016,0.03350545005992912,0.6265664199988047,0.14030611439178398,monks2
1207,1,0.3,0.1,0.001,0.4530208309491475,0.03638804590126818,0.7575188080469767,0.04611972272061971,monks2
1208,1,0.7,0.1,1e-05,0.4154513378938039,0.03914858428132711,0.7575188080469767,0.04611972272061971,monks2
1209,1,0.5,0.05,0.01,0.5413533846537272,0.028245529850428722,0.6325187881787618,0.10896041166743976,monks2
1210,1,0.6,0.1,0.001,0.4491376082102458,0.03922780359374447,0.7575188080469767,0.04611972272061971,monks2
1211,2,0.3,0.05,0.0,0.42076176404953003,0.04522574903428038,0.7575188080469767,0.04611972272061971,monks2
1212,2,0.4,0.001,0.01,0.6170697808265686,0.029578477382167095,0.496867169936498,0.02542039214266098,monks2
1213,1,0.4,0.05,0.0,0.4200482666492462,0.033756598339365826,0.7575188080469767,0.04611972272061971,monks2
1214,2,0.3,0.05,0.0001,0.4369644622008006,0.03578426535437368,0.7575188080469767,0.04611972272061971,monks2
1215,1,0.8,0.05,0.0001,0.42316485444704693,0.040578135102841514,0.7575188080469767,0.04611972272061971,monks2
1216,1,0.8,0.05,0.01,0.5438785354296366,0.032870389809139214,0.6741854747136434,0.07324128770697116,monks2
1217,1,0.3,0.01,1e-05,0.4203407069047292,0.037192561383121214,0.7575188080469767,0.04611972272061971,monks2
1218,1,0.3,0.05,0.01,0.5323238770167033,0.03378206760872653,0.6683375239372253,0.06855550750359714,monks2
1219,2,0.4,0.01,1e-05,0.42255350947380066,0.03625676434391366,0.7575188080469767,0.04611972272061971,monks2
1220,1,0.6,0.05,0.01,0.5325072407722473,0.03297039176094331,0.6503759423891703,0.10672984722293558,monks2
1221,1,0.4,0.1,0.001,0.4511772394180298,0.033888787512883815,0.7575188080469767,0.04611972272061971,monks2
1222,1,0.7,0.01,0.001,0.44594688216845196,0.037066722409349266,0.7575188080469767,0.04611972272061971,monks2
1223,1,0.4,0.05,0.0001,0.42651399970054626,0.034553120985932745,0.7575188080469767,0.04611972272061971,monks2
1224,2,0.4,0.1,1e-05,1.4770685732364655,1.4237652241818526,0.6265664199988047,0.14030611439178398,monks2
1225,1,0.4,0.1,1e-05,0.41928796966870624,0.03824129972796885,0.7575188080469767,0.04611972272061971,monks2
1226,1,0.3,0.05,0.0001,0.42890262603759766,0.0400000496203489,0.7575188080469767,0.04611972272061971,monks2
1227,1,0.5,0.05,0.0,0.42181464036305744,0.03648655891107007,0.7575188080469767,0.04611972272061971,monks2
1228,1,0.6,0.1,1e-05,0.4871796667575836,0.05979104302912755,0.6741854747136434,0.07324128770697116,monks2
1229,2,0.3,0.001,0.01,0.6197277307510376,0.028707952216499317,0.508667508761088,0.02593048368699709,monks2
1230,1,0.5,0.1,0.001,0.4571763177712758,0.04985321576642615,0.7575188080469767,0.04611972272061971,monks2
1231,1,0.5,0.05,0.0001,0.42377381523450214,0.039272919746211936,0.7575188080469767,0.04611972272061971,monks2
1232,1,0.8,0.01,1e-05,0.42110133171081543,0.035977010005865416,0.7575188080469767,0.04611972272061971,monks2
1233,1,0.7,0.05,0.0001,0.4274771412213643,0.037923690664243045,0.7575188080469767,0.04611972272061971,monks2
1234,1,0.6,0.01,0.001,0.44546950856844586,0.03830996288230663,0.7575188080469767,0.04611972272061971,monks2
1235,1,0.8,0.01,0.001,0.4461127618948619,0.0369419036291925,0.7575188080469767,0.04611972272061971,monks2
1236,2,0.3,0.05,0.01,0.568849782148997,0.0372238257505671,0.5912698407967886,0.11514775880045104,monks2
1237,2,0.4,0.05,0.0001,0.4272967179616292,0.03460236443731335,0.7575188080469767,0.04611972272061971,monks2
1238,2,0.3,0.01,0.001,0.45797331134478253,0.037098183481230174,0.7575188080469767,0.04611972272061971,monks2
1239,1,0.3,0.1,1e-05,0.4187882939974467,0.039768331983891056,0.7575188080469767,0.04611972272061971,monks2
1240,2,0.3,0.01,1e-05,0.42207231124242145,0.037230930141892396,0.7575188080469767,0.04611972272061971,monks2
1241,1,0.7,0.01,1e-05,0.42119155327479046,0.03625699991622545,0.7575188080469767,0.04611972272061971,monks2
1242,1,0.4,0.01,1e-05,0.42058371504147846,0.03685801008004595,0.7575188080469767,0.04611972272061971,monks2
1243,2,0.4,0.01,0.001,0.4577021400133769,0.036630750348075815,0.7575188080469767,0.04611972272061971,monks2
1244,2,0.3,0.1,0.001,1.312112847963969,1.1669022169332226,0.6087092757225037,0.1655137790121543,monks2
1245,2,0.4,0.05,0.0,0.42288628220558167,0.03751321246629781,0.7575188080469767,0.04611972272061971,monks2
1246,1,0.6,0.01,1e-05,0.4216253062089284,0.03588860833304348,0.7575188080469767,0.04611972272061971,monks2
1247,1,0.3,0.05,0.0,0.41638654470443726,0.039765501518712186,0.7575188080469767,0.04611972272061971,monks2
1248,1,0.5,0.01,0.001,0.44742024938265484,0.03666688882387127,0.7575188080469767,0.04611972272061971,monks2
1249,1,0.5,0.01,1e-05,0.42054612437884015,0.03776934160123802,0.7575188080469767,0.04611972272061971,monks2
1250,1,0.3,0.01,0.001,0.4467093149820964,0.035282166717986736,0.7575188080469767,0.04611972272061971,monks2
1251,1,0.4,0.01,0.001,0.4451413154602051,0.0365076372613726,0.7575188080469767,0.04611972272061971,monks2
1252,1,0.6,0.05,0.0,0.4175972640514374,0.04086066517599533,0.7575188080469767,0.04611972272061971,monks2
1253,1,0.7,0.05,0.0,0.4210552970568339,0.03935119505294824,0.7575188080469767,0.04611972272061971,monks2
1254,1,0.6,0.05,0.0001,0.42831921577453613,0.03622447422448453,0.7575188080469767,0.04611972272061971,monks2
1255,2,0.4,0.1,0.001,0.46945785482724506,0.03123456846942369,0.7575188080469767,0.04611972272061971,monks2
1256,1,0.7,0.05,0.01,0.5355220238367716,0.03180144470698717,0.6741854747136434,0.07324128770697116,monks2
1257,1,0.5,0.001,0.01,0.5625062187512716,0.02793415443235047,0.6087092757225037,0.10398642442079904,monks2
1258,1,0.6,0.001,0.01,0.5608239571253458,0.028673898046219223,0.6087092757225037,0.10398642442079904,monks2
1259,1,0.7,0.001,0.01,0.5594801505406698,0.028374384667004756,0.6087092757225037,0.10398642442079904,monks2
1260,1,0.8,0.001,0.01,0.5594483415285746,0.027836894276574844,0.6087092757225037,0.10398642442079904,monks2
1261,2,0.4,0.05,0.01,0.5748468240102133,0.03808845098313252,0.5850041707356771,0.09496024954082413,monks2
1262,1,0.3,0.001,0.01,0.5617333054542542,0.029095100171069394,0.6087092757225037,0.10398642442079904,monks2
1263,2,0.3,0.001,0.0,0.4562257130940755,0.011097521642937402,0.6741854747136434,0.07324128770697116,monks2
1264,1,0.4,0.001,0.01,0.562847375869751,0.02821110937738216,0.5968045095602671,0.11878598574834297,monks2
1265,2,0.3,0.001,0.0001,0.4594983160495758,0.010933460020764422,0.6682330767313639,0.0815993135504626,monks2
1266,1,0.5,0.001,0.0001,0.43322888016700745,0.03710022258502473,0.7575188080469767,0.04611972272061971,monks2
1267,1,0.4,0.001,0.0,0.43045082688331604,0.03721405702593482,0.7575188080469767,0.04611972272061971,monks2
1268,1,0.6,0.001,0.0,0.43058038751284283,0.03736434392413096,0.7575188080469767,0.04611972272061971,monks2
1269,2,0.4,0.001,0.0001,0.4558628797531128,0.013907529361271796,0.6860902309417725,0.05657863117958597,monks2
1270,1,0.8,0.001,0.0,0.43117254972457886,0.037502499055410046,0.7575188080469767,0.04611972272061971,monks2
1271,1,0.7,0.001,0.0,0.43118136127789813,0.03687730590147019,0.7575188080469767,0.04611972272061971,monks2
1272,1,0.8,0.001,0.0001,0.4332495133082072,0.037516769019686376,0.7575188080469767,0.04611972272061971,monks2
1273,1,0.3,0.001,0.0001,0.432477871576945,0.03638882173194546,0.7575188080469767,0.04611972272061971,monks2
1274,1,0.4,0.001,0.0001,0.43238528569539386,0.037293855331866806,0.7575188080469767,0.04611972272061971,monks2
1275,1,0.6,0.001,0.0001,0.4326827625433604,0.03711672828192785,0.7575188080469767,0.04611972272061971,monks2
1276,2,0.4,0.001,0.0,0.43356194098790485,0.037270322119998193,0.7575188080469767,0.04611972272061971,monks2
1277,2,0.3,0.1,0.0001,0.4292978545029958,0.03271050094372802,0.7575188080469767,0.04611972272061971,monks2
1278,1,0.7,0.1,0.01,0.537073959906896,0.044356438099665406,0.7397660811742147,0.06009017528786459,monks2
1279,1,0.8,0.05,1e-05,0.421987642844518,0.03526090614161373,0.7575188080469767,0.04611972272061971,monks2
1280,1,0.3,0.001,0.0,0.43038347363471985,0.03674885885279436,0.7575188080469767,0.04611972272061971,monks2
1281,1,0.5,0.1,0.0,0.41638479630152386,0.039039552188065325,0.7575188080469767,0.04611972272061971,monks2
1282,1,0.8,0.1,0.01,0.6274391810099283,0.07916171377090665,0.6741854747136434,0.062259069190433544,monks2
1283,1,0.5,0.001,0.0,0.430698682864507,0.0369267167133577,0.7575188080469767,0.04611972272061971,monks2
1284,1,0.6,0.1,0.0,0.4264633059501648,0.040795407132359046,0.7575188080469767,0.04611972272061971,monks2
1285,2,0.3,0.05,1e-05,0.4239519437154134,0.03495631908417283,0.7575188080469767,0.04611972272061971,monks2
1286,1,0.7,0.001,0.0001,0.4331693152586619,0.03709915376761404,0.7575188080469767,0.04611972272061971,monks2
1287,1,0.3,0.1,0.0,0.42444470524787903,0.027236552434456378,0.7575188080469767,0.04611972272061971,monks2
1288,1,0.6,0.1,0.01,0.5542027453581492,0.04528637012026224,0.6979949871699015,0.07790489879519145,monks2
1289,1,0.4,0.05,1e-05,0.4243527452150981,0.039095102983505346,0.7575188080469767,0.04611972272061971,monks2
1290,1,0.4,0.1,0.0,0.4287123481432597,0.03339257784770695,0.7575188080469767,0.04611972272061971,monks2
1291,1,0.7,0.1,0.0001,0.4254816472530365,0.04148033634925959,0.7575188080469767,0.04611972272061971,monks2
1292,1,0.5,0.1,0.0001,0.4288247923056285,0.028760464748916307,0.7575188080469767,0.04611972272061971,monks2
1293,1,0.8,0.1,0.0001,0.4314818282922109,0.03925435631803195,0.7575188080469767,0.04611972272061971,monks2
1294,1,0.3,0.01,0.0001,0.4247383673985799,0.03740742648754053,0.7575188080469767,0.04611972272061971,monks2
1295,2,0.3,0.1,0.0,0.4184204836686452,0.038564306577361214,0.7575188080469767,0.04611972272061971,monks2
1296,1,0.8,0.1,0.0,0.42210275928179425,0.03893624491673513,0.7575188080469767,0.04611972272061971,monks2
1297,2,0.4,0.01,0.0001,0.4280704855918884,0.03736657111158765,0.7575188080469767,0.04611972272061971,monks2
1298,1,0.3,0.1,0.01,0.5442695418993632,0.03339957588329475,0.704156239827474,0.007485362132169521,monks2
1299,1,0.8,0.05,0.001,0.44975151618321735,0.04107988223753607,0.7575188080469767,0.04611972272061971,monks2
1300,1,0.5,0.1,0.01,0.53251713514328,0.03931514043172155,0.7515664100646973,0.03790854666164888,monks2
1301,2,0.3,0.05,0.001,0.4625449975331624,0.045989973954743385,0.7575188080469767,0.04611972272061971,monks2
1302,1,0.8,0.01,0.0001,0.42447808384895325,0.03682973818845084,0.7575188080469767,0.04611972272061971,monks2
1303,1,0.7,0.05,0.001,0.45618876814842224,0.026595826587789112,0.7456140319506327,0.02981296289480816,monks2
1304,2,0.4,0.1,0.0001,1.5671334366003673,1.558157299174664,0.6087092757225037,0.1655137790121543,monks2
1305,1,0.4,0.1,0.0001,0.4309717019399007,0.03127354544193881,0.7575188080469767,0.04611972272061971,monks2
1306,1,0.3,0.05,0.001,0.44873349865277606,0.038728344249925925,0.7575188080469767,0.04611972272061971,monks2
1307,1,0.6,0.1,0.0001,0.43167737126350403,0.04247961536106501,0.7575188080469767,0.04611972272061971,monks2
1308,2,0.3,0.01,0.0,0.4216090937455495,0.03985021106533863,0.7575188080469767,0.04611972272061971,monks2
1309,1,0.5,0.05,1e-05,0.4165334701538086,0.04249870135900795,0.7575188080469767,0.04611972272061971,monks2
1310,1,0.4,0.1,0.01,0.5509749054908752,0.036902190276931666,0.6211361885070801,0.08969218811936286,monks2
1311,2,0.4,0.01,0.0,0.42045865456263226,0.03784762712879289,0.7575188080469767,0.04611972272061971,monks2
1312,1,0.7,0.01,0.0001,0.4250265955924988,0.03717409699728853,0.7575188080469767,0.04611972272061971,monks2
1313,1,0.3,0.1,0.0001,0.4332491457462311,0.03612445384185667,0.7575188080469767,0.04611972272061971,monks2
1314,1,0.7,0.01,0.01,0.5278976360956827,0.037801931057689746,0.7515664100646973,0.03790854666164888,monks2
1315,1,0.4,0.01,0.0001,0.42359012365341187,0.03747006126572108,0.7575188080469767,0.04611972272061971,monks2
1316,1,0.6,0.05,1e-05,0.41812331477801007,0.040904025930711796,0.7575188080469767,0.04611972272061971,monks2
1317,2,0.4,0.05,0.001,0.4566968083381653,0.04028005825641939,0.7575188080469767,0.04611972272061971,monks2
1318,2,0.4,0.05,1e-05,0.4239613910516103,0.0463846149476683,0.7575188080469767,0.04611972272061971,monks2
1319,1,0.6,0.05,0.001,0.45384369293848675,0.03605569393195216,0.7575188080469767,0.04611972272061971,monks2
1320,1,0.5,0.01,0.0001,0.42472177743911743,0.03505196447781413,0.7575188080469767,0.04611972272061971,monks2
1321,1,0.4,0.05,0.001,0.45768741766611737,0.03262574516659456,0.7575188080469767,0.04611972272061971,monks2
1322,1,0.5,0.05,0.001,0.44716427723566693,0.03607940265115163,0.7575188080469767,0.04611972272061971,monks2
1323,2,0.3,0.01,0.0001,0.4278714756170909,0.03724694944684271,0.7575188080469767,0.04611972272061971,monks2
1324,1,0.6,0.01,0.01,0.5272045234839121,0.03514932764877566,0.7515664100646973,0.03790854666164888,monks2
1325,1,0.6,0.01,0.0001,0.4276437759399414,0.03639938895689234,0.7575188080469767,0.04611972272061971,monks2
1326,1,0.8,0.01,0.01,0.5284588038921356,0.03565206704166494,0.7396616538365682,0.02196112073613693,monks2
1327,1,0.7,0.05,1e-05,0.42174847920735675,0.03702251721464725,0.7575188080469767,0.04611972272061971,monks2
1328,1,0.6,0.01,0.0,0.4197285274664561,0.03611235002486758,0.7575188080469767,0.04611972272061971,monks2
1329,1,0.3,0.05,1e-05,0.4225684106349945,0.033988463554428416,0.7575188080469767,0.04611972272061971,monks2
1330,1,0.5,0.01,0.0,0.4212208390235901,0.037747916245963076,0.7575188080469767,0.04611972272061971,monks2
1331,1,0.5,0.01,0.01,0.5291832884152731,0.03696896656044604,0.7515664100646973,0.03790854666164888,monks2
1332,1,0.7,0.1,0.0,1.1609959602355957,1.0136635960149745,0.6741854747136434,0.07324128770697116,monks2
1333,2,0.4,0.01,0.01,0.5642779072125753,0.03689764400910685,0.6087092657883962,0.11186535966533014,monks2
1334,2,0.3,0.1,0.01,0.6052312850952148,0.021726035461037334,0.6265664199988047,0.14030611439178398,monks2
1335,1,0.3,0.01,0.01,0.5273388922214508,0.036112327189352325,0.7575188080469767,0.04611972272061971,monks2
1336,2,0.4,0.1,0.01,0.5770418047904968,0.03349519269799164,0.5682957470417023,0.13453826566253171,monks2
1337,1,0.8,0.01,0.0,0.42124630014101666,0.03900502096927953,0.7575188080469767,0.04611972272061971,monks2
1338,1,0.7,0.01,0.0,0.42004889249801636,0.03849082436484623,0.7575188080469767,0.04611972272061971,monks2
1339,2,0.4,0.1,0.0,0.4226548671722412,0.04532685961298946,0.7575188080469767,0.04611972272061971,monks2
1340,1,0.4,0.01,0.01,0.5256397525469462,0.03610770584058571,0.7575188080469767,0.04611972272061971,monks2
1341,1,0.3,0.01,0.0,0.42131364345550537,0.03606026601672399,0.7575188080469767,0.04611972272061971,monks2
1342,2,0.3,0.01,0.01,0.5621826648712158,0.03479873785255595,0.6327276428540548,0.0817752531002535,monks2
1343,1,0.4,0.01,0.0,0.42039406299591064,0.036652843467511916,0.7575188080469767,0.04611972272061971,monks2
1344,2,0.5,0.001,0.01,0.6156084537506104,0.028981918904728562,0.5143065949281057,0.06209245127633689,monks2
1345,2,0.5,0.01,1e-05,0.42023879289627075,0.038117287967719155,0.7575188080469767,0.04611972272061971,monks2
1346,2,0.5,0.05,0.0,1.5443147718906403,1.5447120804376275,0.6087092757225037,0.1655137790121543,monks2
1347,2,0.5,0.01,0.001,0.46091636021931964,0.03862144060453267,0.7575188080469767,0.04611972272061971,monks2
1348,2,0.5,0.05,0.0001,0.4260479013125102,0.03689215830759659,0.7575188080469767,0.04611972272061971,monks2
1349,2,0.6,0.01,1e-05,0.4214169383049011,0.037895727964877515,0.7575188080469767,0.04611972272061971,monks2
1350,2,0.6,0.001,0.01,0.6134869654973348,0.030334556411544974,0.5026106933752695,0.04697461250087516,monks2
1351,2,0.6,0.05,0.0001,0.4266625642776489,0.040171149404214554,0.7575188080469767,0.04611972272061971,monks2
1352,2,0.6,0.1,0.001,1.59751292069753,1.54333633237036,0.6206140418847402,0.14870692452873596,monks2
1353,2,0.5,0.1,1e-05,0.42612285415331524,0.03576208295759668,0.7575188080469767,0.04611972272061971,monks2
1354,2,0.6,0.05,0.0,0.41971132159233093,0.03995765735384269,0.7575188080469767,0.04611972272061971,monks2
1355,2,0.7,0.1,1e-05,1.6661253372828166,0.9918126034175803,0.5681913197040558,0.11069744748946227,monks2
1356,2,0.3,0.001,1e-05,0.4589283764362335,0.010609263709655972,0.6682330767313639,0.0815993135504626,monks2
1357,2,0.6,0.1,1e-05,1.9394972324371338,1.3568636540752517,0.585526317358017,0.1281393395798811,monks2
1358,2,0.6,0.01,0.001,0.45713860789934796,0.038562932196853854,0.7575188080469767,0.04611972272061971,monks2
1359,2,0.7,0.01,1e-05,0.4201655089855194,0.03696569809031052,0.7575188080469767,0.04611972272061971,monks2
1360,2,0.7,0.001,0.01,0.6132232348124186,0.031145150522599602,0.5084586441516876,0.05443019663742734,monks2
1361,2,0.7,0.05,0.0,0.4188715120156606,0.039482541426589406,0.7575188080469767,0.04611972272061971,monks2
1362,2,0.7,0.1,0.001,0.4635879496733348,0.03946366491579414,0.7575188080469767,0.04611972272061971,monks2
1363,2,0.7,0.05,0.0001,0.4311059812704722,0.03644061735901173,0.7575188080469767,0.04611972272061971,monks2
1364,2,0.5,0.1,0.001,0.571331669886907,0.11095944166547174,0.7039473652839661,0.031927238908334855,monks2
1365,2,0.8,0.05,0.0001,0.42644810676574707,0.03874999199337773,0.7575188080469767,0.04611972272061971,monks2
1366,3,0.3,0.001,0.01,0.6550184885660807,0.018847983632336203,0.49707602461179096,0.015155332243750748,monks2
1367,2,0.5,0.05,0.01,0.5850449601809183,0.026503979841664395,0.597222218910853,0.10673791773137638,monks2
1368,2,0.8,0.1,0.001,0.4769209126631419,0.06237330733374677,0.7277568976084391,0.08044855104383464,monks2
1369,2,0.7,0.01,0.001,0.45702771345774335,0.03819652121004164,0.7575188080469767,0.04611972272061971,monks2
1370,2,0.8,0.01,1e-05,0.42186663548151654,0.03738561433280839,0.7575188080469767,0.04611972272061971,monks2
1371,2,0.8,0.05,0.0,1.5356927514076233,1.5416633308459726,0.6206140418847402,0.14870692452873596,monks2
1372,3,0.3,0.05,0.0,0.41601213812828064,0.037583522207478834,0.7575188080469767,0.04611972272061971,monks2
1373,3,0.3,0.05,0.0001,0.4406027098496755,0.03281053489146661,0.7575188080469767,0.04611972272061971,monks2
1374,2,0.3,0.001,0.001,0.4821169376373291,0.012200088954028167,0.6563283205032349,0.09834598599810011,monks2
1375,2,0.8,0.001,0.01,0.6149108608563741,0.028616536199178182,0.5143065949281057,0.06209245127633689,monks2
1376,3,0.3,0.01,0.001,0.4696625868479411,0.037409459221653486,0.7575188080469767,0.04611972272061971,monks2
1377,2,0.8,0.01,0.001,0.45888514320055646,0.0373538049866079,0.7575188080469767,0.04611972272061971,monks2
1378,3,0.3,0.01,1e-05,0.42187899351119995,0.03632685253211747,0.7575188080469767,0.04611972272061971,monks2
1379,2,0.4,0.001,0.001,0.4793150822321574,0.014603686692029999,0.6682330767313639,0.0815993135504626,monks2
1380,3,0.3,0.1,1e-05,1.666298637787501,0.9088615002751786,0.6741854747136434,0.07324128770697116,monks2
1381,1,0.5,0.001,0.001,0.4484519163767497,0.036999752731862075,0.7575188080469767,0.04611972272061971,monks2
1382,1,0.4,0.001,1e-05,0.4304931362469991,0.037383479466491475,0.7575188080469767,0.04611972272061971,monks2
1383,2,0.5,0.001,0.0001,0.45725664496421814,0.01282666517427869,0.6741854747136434,0.07324128770697116,monks2
1384,2,0.4,0.001,1e-05,0.45275508364041644,0.013899534853194537,0.6801378528277079,0.06489878469694084,monks2
1385,2,0.7,0.05,0.01,0.5777517954508463,0.046963451830368284,0.7158521413803101,0.01653587923815553,monks2
1386,1,0.6,0.001,1e-05,0.4308288594086965,0.03747483857611409,0.7575188080469767,0.04611972272061971,monks2
1387,1,0.8,0.001,1e-05,0.43139079213142395,0.036891930602261494,0.7575188080469767,0.04611972272061971,monks2
1388,2,0.5,0.001,0.0,0.45640846093495685,0.011300733024752522,0.6682330767313639,0.0815993135504626,monks2
1389,3,0.4,0.1,1e-05,0.43431254227956134,0.03504686575158785,0.7575188080469767,0.04611972272061971,monks2
1390,3,0.3,0.05,0.01,0.6002323428789774,0.03822629051151666,0.555764396985372,0.061026719126173495,monks2
1391,1,0.7,0.001,1e-05,0.4308941066265106,0.0370706562509619,0.7575188080469767,0.04611972272061971,monks2
1392,3,0.3,0.1,0.001,0.4704914192358653,0.04035554000809508,0.7575188080469767,0.04611972272061971,monks2
1393,3,0.4,0.05,0.0001,0.42816023031870526,0.03749966409035017,0.7575188080469767,0.04611972272061971,monks2
1394,3,0.4,0.01,1e-05,0.42109911640485126,0.03704075723417181,0.7575188080469767,0.04611972272061971,monks2
1395,3,0.4,0.001,0.01,0.6518899401028951,0.022398380618049565,0.4851712683836619,0.0042828082072325115,monks2
1396,1,0.8,0.001,0.001,0.4496362805366516,0.03696810668556373,0.7575188080469767,0.04611972272061971,monks2
1397,3,0.4,0.01,0.001,0.46731434265772503,0.03585683019924565,0.7575188080469767,0.04611972272061971,monks2
1398,2,0.6,0.001,0.0,0.4627186954021454,0.011050700412882974,0.6682330767313639,0.0815993135504626,monks2
1399,2,0.8,0.05,0.01,0.5763095219930013,0.03510171318753859,0.6087092657883962,0.1311134131577652,monks2
1400,3,0.4,0.05,0.0,0.4203176001707713,0.042038959757272606,0.7575188080469767,0.04611972272061971,monks2
1401,2,0.6,0.05,0.01,0.5719302097956339,0.03007281216044208,0.5323726038138071,0.07573653640439984,monks2
1402,3,0.4,0.1,0.001,0.48682154218355816,0.03343207147677389,0.6930868824323019,0.09999455032133263,monks2
1403,1,0.3,0.001,0.001,0.4481956760088603,0.03647010063831642,0.7575188080469767,0.04611972272061971,monks2
1404,1,0.6,0.001,0.001,0.4491642912228902,0.03656781546461223,0.7575188080469767,0.04611972272061971,monks2
1405,2,0.8,0.1,1e-05,0.9194673597812653,0.7349200081930515,0.7575188080469767,0.04611972272061971,monks2
1406,1,0.4,0.001,0.001,0.44824690620104474,0.036981599096343014,0.7575188080469767,0.04611972272061971,monks2
1407,2,0.7,0.001,0.0001,0.47581782937049866,0.01922911865012421,0.6444235642751058,0.1151186815220493,monks2
1408,3,0.5,0.001,0.01,0.654471198717753,0.025190974475656373,0.49101922909418744,0.012553073556282693,monks2
1409,2,0.7,0.001,0.0,0.4681982497374217,0.014330494885027472,0.6503759423891703,0.10672984722293558,monks2
1410,1,0.7,0.001,0.001,0.4485660791397095,0.037071140583313546,0.7575188080469767,0.04611972272061971,monks2
1411,1,0.5,0.001,1e-05,0.4306226968765259,0.03720913472159262,0.7575188080469767,0.04611972272061971,monks2
1412,2,0.5,0.05,1e-05,0.4209160804748535,0.03780773740665756,0.7575188080469767,0.04611972272061971,monks2
1413,3,0.3,0.001,0.0,0.4591030677159627,0.010870502145744506,0.6682330767313639,0.0815993135504626,monks2
1414,1,0.3,0.001,1e-05,0.43080033858617145,0.03673876217684337,0.7575188080469767,0.04611972272061971,monks2
1415,2,0.5,0.01,0.0,0.42081185181935626,0.037443235908500176,0.7575188080469767,0.04611972272061971,monks2
1416,3,0.4,0.05,0.01,0.6144712766011556,0.05313403041106537,0.5974310636520386,0.06991340465615112,monks2
1417,2,0.5,0.01,0.0001,0.42766356468200684,0.03665561601908917,0.7575188080469767,0.04611972272061971,monks2
1418,3,0.4,0.001,0.0,0.463622252146403,0.01108136369270052,0.6503759423891703,0.10672984722293558,monks2
1419,2,0.8,0.001,0.0001,0.48458139101664227,0.029564108342890475,0.6384711762269338,0.12351148960369754,monks2
1420,2,0.5,0.05,0.001,0.46441373229026794,0.03434082868206988,0.7575188080469767,0.04611972272061971,monks2
1421,3,0.5,0.01,1e-05,0.42219621936480206,0.03673496040787192,0.7575188080469767,0.04611972272061971,monks2
1422,3,0.5,0.001,0.0,0.5112635095914205,0.0441566044265715,0.6087092657883962,0.1209946613292896,monks2
1423,2,0.6,0.001,0.0001,0.4381104111671448,0.03709904847743786,0.7575188080469767,0.04611972272061971,monks2
1424,2,0.8,0.001,0.0,0.487192044655482,0.035704638558991156,0.6325187981128693,0.13190748761725674,monks2
1425,2,0.6,0.01,0.0001,0.425420622030894,0.03805155437766434,0.7575188080469767,0.04611972272061971,monks2
1426,2,0.6,0.01,0.0,0.4211830298105876,0.037699370133311934,0.7575188080469767,0.04611972272061971,monks2
1427,3,0.5,0.001,0.0001,0.5118173460165659,0.041869601099658225,0.6146616538365682,0.10423718311751634,monks2
1428,3,0.4,0.001,0.0001,0.46720937887827557,0.011086241175852126,0.6563283205032349,0.09834598599810011,monks2
1429,2,0.5,0.01,0.01,0.5652271111806234,0.03280173750160142,0.6146616439024607,0.11304272432600715,monks2
1430,2,0.5,0.1,0.0001,0.4432055652141571,0.0460244763491062,0.7575188080469767,0.04611972272061971,monks2
1431,3,0.3,0.001,0.0001,0.4601507882277171,0.012915842561505913,0.692042609055837,0.0482923801238097,monks2
1432,2,0.6,0.1,0.01,0.6021244128545126,0.011881768582247203,0.573203851779302,0.1042438895104012,monks2
1433,2,0.6,0.05,1e-05,0.42193375031153363,0.03168759234978381,0.7575188080469767,0.04611972272061971,monks2
1434,2,0.7,0.01,0.0,0.421149343252182,0.03569839012400546,0.7575188080469767,0.04611972272061971,monks2
1435,2,0.6,0.05,0.001,0.4635913570721944,0.036728666243770525,0.7575188080469767,0.04611972272061971,monks2
1436,2,0.6,0.1,0.0001,0.4339046577612559,0.03583412935185008,0.7575188080469767,0.04611972272061971,monks2
1437,3,0.5,0.01,0.001,0.47090157866477966,0.03739757498437969,0.7575188080469767,0.04611972272061971,monks2
1438,2,0.7,0.05,0.001,0.47044408321380615,0.0350715786204764,0.7575188080469767,0.04611972272061971,monks2
1439,2,0.7,0.05,1e-05,0.4245242675145467,0.034914075193998764,0.7575188080469767,0.04611972272061971,monks2
1440,2,0.5,0.1,0.0,0.42835999528567,0.04643774620554616,0.7575188080469767,0.04611972272061971,monks2
1441,3,0.3,0.1,0.0001,0.43665748834609985,0.04636403809852261,0.7516708572705587,0.049368600047637844,monks2
1442,2,0.7,0.1,0.0001,0.43392189343770343,0.04240822389783882,0.7575188080469767,0.04611972272061971,monks2
1443,3,0.3,0.01,0.0,0.41905542214711505,0.03687596812856361,0.7575188080469767,0.04611972272061971,monks2
1444,2,0.8,0.01,0.0,0.4235813319683075,0.03859656276543158,0.7575188080469767,0.04611972272061971,monks2
1445,2,0.7,0.01,0.0001,0.42732446392377216,0.03910975968586082,0.7575188080469767,0.04611972272061971,monks2
1446,3,0.3,0.05,1e-05,0.4420651396115621,0.03947469980522048,0.7575188080469767,0.04611972272061971,monks2
1447,2,0.5,0.1,0.01,0.6063814560572306,0.03422278036879506,0.609649121761322,0.04883198139424956,monks2
1448,2,0.8,0.05,1e-05,0.42015110452969867,0.0410293775111827,0.7575188080469767,0.04611972272061971,monks2
1449,3,0.3,0.05,0.001,0.47225181261698407,0.03388564669863768,0.7575188080469767,0.04611972272061971,monks2
1450,3,0.5,0.05,0.0,0.41843528548876446,0.03906664286374403,0.7575188080469767,0.04611972272061971,monks2
1451,3,0.5,0.1,0.001,0.4821099638938904,0.04786606835552407,0.7341270049413046,0.06472026645476496,monks2
1452,2,0.8,0.05,0.001,0.46030178666114807,0.033389737550976004,0.7575188080469767,0.04611972272061971,monks2
1453,3,0.5,0.05,0.0001,0.4369143644968669,0.03948621917412875,0.7575188080469767,0.04611972272061971,monks2
1454,3,0.3,0.01,0.0001,0.4326144258181254,0.03528554480712036,0.7575188080469767,0.04611972272061971,monks2
1455,2,0.6,0.01,0.01,0.5649499297142029,0.03521508393816154,0.5848997533321381,0.1189428670985625,monks2
1456,2,0.8,0.01,0.0001,0.42881277203559875,0.03704587709410969,0.7575188080469767,0.04611972272061971,monks2
1457,2,0.8,0.1,0.01,0.59620600938797,0.044859308934605484,0.6984126965204874,0.03680007227259595,monks2
1458,3,0.3,0.1,0.0,0.7491535445054373,0.47524909575626884,0.6464077035586039,0.17723771766598048,monks2
1459,2,0.7,0.1,0.01,0.6009657979011536,0.0488898699196913,0.6864035129547119,0.007453263063258673,monks2
1460,3,0.4,0.05,0.001,0.477897842725118,0.03901952423254527,0.7575188080469767,0.04611972272061971,monks2
1461,3,0.5,0.05,0.01,0.6113746762275696,0.03171646954008643,0.5087719261646271,0.04546601418623061,monks2
1462,3,0.4,0.1,0.0001,0.4404263397057851,0.03740178840440139,0.7575188080469767,0.04611972272061971,monks2
1463,3,0.6,0.01,1e-05,0.4221016963322957,0.03624411746533369,0.7575188080469767,0.04611972272061971,monks2
1464,3,0.4,0.05,1e-05,0.42184903224309284,0.032340803771642286,0.7575188080469767,0.04611972272061971,monks2
1465,3,0.4,0.01,0.0,0.42111552755037945,0.03650095943740489,0.7575188080469767,0.04611972272061971,monks2
1466,3,0.6,0.001,0.01,0.6589084068934122,0.024361277497864847,0.49101922909418744,0.012553073556282693,monks2
1467,3,0.4,0.01,0.0001,0.42895182967185974,0.040162029504384515,0.7575188080469767,0.04611972272061971,monks2
1468,2,0.7,0.1,0.0,0.42551275094350177,0.04816474473513202,0.7575188080469767,0.04611972272061971,monks2
1469,3,0.5,0.1,1e-05,1.9335519671440125,1.9518878354217615,0.6325187881787618,0.08969862277983207,monks2
1470,2,0.8,0.01,0.01,0.5655072728792826,0.034075358766312264,0.6146616439024607,0.1229515828749603,monks2
1471,3,0.4,0.01,0.01,0.5987942020098368,0.03969776510406005,0.5144110222657522,0.05415542281035451,monks2
1472,3,0.3,0.1,0.01,3.5841687321662903,4.190351076026393,0.44350459178288776,0.04021295527766996,monks2
1473,3,0.6,0.05,0.0,0.42160001397132874,0.04066283095861625,0.7575188080469767,0.04611972272061971,monks2
1474,2,0.8,0.1,0.0,0.970194528500239,0.7958988615962451,0.6979949871699015,0.11983319722883229,monks2
1475,3,0.6,0.01,0.001,0.4662865201632182,0.03941032071758705,0.7575188080469767,0.04611972272061971,monks2
1476,2,0.8,0.1,0.0001,0.43049587806065875,0.036135040909536335,0.7575188080469767,0.04611972272061971,monks2
1477,3,0.6,0.05,0.0001,0.43751216928164166,0.033265789417402714,0.7575188080469767,0.04611972272061971,monks2
1478,2,0.6,0.1,0.0,0.42086761196454364,0.035208295127182855,0.7575188080469767,0.04611972272061971,monks2
1479,3,0.5,0.01,0.0,0.4214889705181122,0.035498222372437285,0.7575188080469767,0.04611972272061971,monks2
1480,3,0.6,0.1,0.001,0.49039915204048157,0.04413095005467249,0.7399749557177225,0.05889058247069807,monks2
1481,3,0.6,0.001,0.0001,0.5357474386692047,0.05693095336127733,0.6087092757225037,0.10398642442079904,monks2
1482,3,0.3,0.01,0.01,0.5987903674443563,0.03634379463352038,0.5318504671255747,0.08324392125250554,monks2
1483,2,0.5,0.001,0.001,0.4802170197168986,0.013131925990454237,0.6563283205032349,0.09834598599810011,monks2
1484,2,0.5,0.001,1e-05,0.4558463394641876,0.012337499005371143,0.6741854747136434,0.07324128770697116,monks2
1485,3,0.6,0.001,0.0,0.536448210477829,0.061021802249478715,0.6087092757225037,0.10398642442079904,monks2
1486,3,0.7,0.001,0.0001,0.6021310885747274,0.02577705907156518,0.5384293993314108,0.015077423524514376,monks2
1487,3,0.4,0.1,0.0,0.4277931749820709,0.02448151711506545,0.7575188080469767,0.04611972272061971,monks2
1488,3,0.6,0.1,1e-05,0.42408374945322674,0.03327274082715423,0.7575188080469767,0.04611972272061971,monks2
1489,3,0.4,0.1,0.01,0.6297874649365743,0.02537803566824629,0.6385755936304728,0.06772540197174413,monks2
1490,2,0.7,0.01,0.01,0.5647412538528442,0.034174325437359404,0.6027568976084391,0.1044159269662519,monks2
1491,2,0.6,0.001,1e-05,0.464535117149353,0.012092634179054361,0.6563283205032349,0.09834598599810011,monks2
1492,3,0.7,0.05,0.0,0.4227178593476613,0.03487157316458456,0.7575188080469767,0.04611972272061971,monks2
1493,3,0.7,0.01,1e-05,0.4223642349243164,0.036963740480902764,0.7575188080469767,0.04611972272061971,monks2
1494,3,0.7,0.001,0.01,0.6657158931096395,0.024987302597489155,0.49112364649772644,0.007290518524331151,monks2
1495,3,0.7,0.05,0.0001,0.43264715870221454,0.043876190996582194,0.7575188080469767,0.04611972272061971,monks2
1496,3,0.7,0.01,0.001,0.4684303601582845,0.03622810681223816,0.7575188080469767,0.04611972272061971,monks2
1497,3,0.5,0.01,0.0001,0.4313612679640452,0.03973713309086698,0.7575188080469767,0.04611972272061971,monks2
1498,3,0.7,0.1,0.001,0.4871586461861928,0.02984636064569825,0.7098997433980306,0.06135393480957956,monks2
1499,3,0.7,0.001,0.0,0.60783984263738,0.03059663384342086,0.5205722649892172,0.018008264924156116,monks2
1500,3,0.7,0.1,1e-05,1.1824292341868083,1.0343189713063845,0.6563283205032349,0.09834598599810011,monks2
1501,3,0.8,0.001,0.0,0.6570344169934591,0.035756306458620164,0.5266290704409281,0.0218715554307046,monks2
1502,3,0.6,0.05,0.01,0.5996576150258383,0.03481726370935362,0.5920008420944214,0.10070007459075474,monks2
1503,3,0.8,0.001,0.0001,0.6431199908256531,0.027727243570034168,0.5206766923268636,0.015115708575339745,monks2
1504,3,0.8,0.05,0.0001,0.4383578598499298,0.03868382168773548,0.7575188080469767,0.04611972272061971,monks2
1505,3,0.8,0.1,0.001,0.5700815816720327,0.07753155630260508,0.6860902309417725,0.05657863117958597,monks2
1506,3,0.8,0.05,0.0,0.4315572182337443,0.04464046527772287,0.7575188080469767,0.04611972272061971,monks2
1507,3,0.8,0.01,1e-05,0.42246489723523456,0.03848139235775347,0.7575188080469767,0.04611972272061971,monks2
1508,3,0.8,0.01,0.001,0.4686531027158101,0.03846815100464667,0.7575188080469767,0.04611972272061971,monks2
1509,3,0.5,0.01,0.01,0.5965875387191772,0.033590177062502495,0.5026106933752695,0.04697461250087516,monks2
1510,3,0.5,0.05,0.001,0.4717224935690562,0.032077595848668754,0.7575188080469767,0.04611972272061971,monks2
1511,2,0.7,0.001,0.001,0.48866283893585205,0.010547885405069705,0.6503759423891703,0.10672984722293558,monks2
1512,3,0.5,0.05,1e-05,0.4212694565455119,0.038589419534884054,0.7575188080469767,0.04611972272061971,monks2
1513,3,0.8,0.001,0.01,0.6745887597401937,0.023389534530751134,0.49112364649772644,0.007290518524331151,monks2
1514,3,0.8,0.1,1e-05,0.4320702850818634,0.054395763957369496,0.7575188080469767,0.04611972272061971,monks2
1515,4,0.3,0.001,0.01,0.684373656908671,0.014407094701885493,0.5090852280457815,0.04421846448530206,monks2
1516,4,0.3,0.05,0.0,0.42238934834798175,0.033667636521506325,0.7575188080469767,0.04611972272061971,monks2
1517,3,0.3,0.001,1e-05,0.4707569181919098,0.01785045607843694,0.6503759423891703,0.10672984722293558,monks2
1518,3,0.7,0.05,0.01,0.6038611531257629,0.038697651125826585,0.46198830008506775,0.05569886437013315,monks2
1519,4,0.3,0.05,0.0001,0.43555575609207153,0.03276295287551767,0.7575188080469767,0.04611972272061971,monks2
1520,3,0.5,0.001,1e-05,0.5085335870583853,0.042535501196865354,0.6206140319506327,0.10516333698384572,monks2
1521,3,0.5,0.1,0.0,0.4358721772829692,0.025222453037658556,0.6860902309417725,0.05657863117958597,monks2
1522,3,0.4,0.001,1e-05,0.47424087921778363,0.020253998665596625,0.6444235642751058,0.1151186815220493,monks2
1523,4,0.3,0.01,1e-05,0.4230634868144989,0.03540422852973584,0.7575188080469767,0.04611972272061971,monks2
1524,4,0.3,0.01,0.001,0.4784195323785146,0.03494981237695374,0.7575188080469767,0.04611972272061971,monks2
1525,4,0.3,0.1,0.001,0.5017896493275961,0.0678846936214138,0.7575188080469767,0.04611972272061971,monks2
1526,2,0.7,0.001,1e-05,0.46914037068684894,0.014216602334079561,0.6503759423891703,0.10672984722293558,monks2
1527,3,0.5,0.001,0.001,0.5298740168412527,0.035076937179185384,0.6027568876743317,0.11131389438840451,monks2
1528,3,0.5,0.1,0.0001,0.4415709177652995,0.03285707315773344,0.7575188080469767,0.04611972272061971,monks2
1529,4,0.4,0.05,0.0001,0.43450794617335003,0.03289676936265947,0.7575188080469767,0.04611972272061971,monks2
1530,2,0.6,0.001,0.001,0.4866287410259247,0.010619584057762626,0.6563283205032349,0.09834598599810011,monks2
1531,4,0.4,0.05,0.0,0.42183897892634076,0.03485430476669517,0.7575188080469767,0.04611972272061971,monks2
1532,4,0.4,0.1,0.001,1.1100458204746246,0.8445880506683948,0.704573929309845,0.05605757216130628,monks2
1533,2,0.8,0.001,0.001,0.48540546496709186,0.011158399567961795,0.6503759423891703,0.10672984722293558,monks2
1534,4,0.4,0.01,1e-05,0.42065005501111347,0.039943519395309275,0.7575188080469767,0.04611972272061971,monks2
1535,3,0.6,0.01,0.0001,0.4296482006708781,0.036935821186107304,0.7575188080469767,0.04611972272061971,monks2
1536,3,0.5,0.1,0.01,0.6356914838155111,0.012721317336168353,0.597326656182607,0.046816266117252495,monks2
1537,4,0.3,0.001,0.0001,0.5160473187764486,0.04447647325278157,0.6027568876743317,0.1195995302238764,monks2
1538,4,0.4,0.001,0.01,0.688376247882843,0.015425760853202984,0.5090852280457815,0.04421846448530206,monks2
1539,3,0.6,0.05,1e-05,0.42354151606559753,0.03336682900452403,0.7575188080469767,0.04611972272061971,monks2
1540,4,0.3,0.1,1e-05,1.3202175597349803,1.2902814177468374,0.652255654335022,0.16923558653751544,monks2
1541,4,0.4,0.01,0.001,0.4753107229868571,0.036733879001829575,0.7575188080469767,0.04611972272061971,monks2
1542,3,0.8,0.05,0.01,0.6038707693417867,0.040318791686192595,0.5502297480901083,0.051639066386713395,monks2
1543,4,0.5,0.001,0.0001,0.5917007724444071,0.02053614460156705,0.5265246431032816,0.01904826101049235,monks2
1544,4,0.5,0.05,0.0,0.423103670279185,0.04814757384707968,0.7575188080469767,0.04611972272061971,monks2
1545,4,0.3,0.05,0.01,0.6251929998397827,0.030046584835841866,0.5379072626431783,0.06663584708400332,monks2
1546,2,0.8,0.001,1e-05,0.4820549786090851,0.029723591182467698,0.6444235642751058,0.1151186815220493,monks2
1547,4,0.5,0.05,0.0001,0.43225376804669696,0.040585944297014884,0.7575188080469767,0.04611972272061971,monks2
1548,4,0.5,0.01,1e-05,0.4205407400925954,0.039881071836021444,0.7575188080469767,0.04611972272061971,monks2
1549,3,0.6,0.05,0.001,0.46785618861516315,0.042341611059740505,0.7575188080469767,0.04611972272061971,monks2
1550,4,0.3,0.001,0.0,0.503560354312261,0.04245219687798011,0.6146616538365682,0.10423718311751634,monks2
1551,3,0.6,0.01,0.0,0.421601523955663,0.03983717681518027,0.7575188080469767,0.04611972272061971,monks2
1552,4,0.5,0.01,0.001,0.47589564323425293,0.03835719315304066,0.7575188080469767,0.04611972272061971,monks2
1553,3,0.3,0.001,0.001,0.4921027322610219,0.0129400976357044,0.6563283205032349,0.09834598599810011,monks2
1554,4,0.5,0.001,0.0,0.5896695454915365,0.019739371661449182,0.5384293993314108,0.015077423524514376,monks2
1555,3,0.4,0.001,0.001,0.49782607952753705,0.010426572608141874,0.6444235642751058,0.1151186815220493,monks2
1556,4,0.5,0.001,0.01,0.691543459892273,0.015301114719031249,0.49718045194943744,0.027465474561629063,monks2
1557,4,0.4,0.001,0.0,0.5217332740624746,0.05114370277826515,0.5968045095602671,0.11878598574834297,monks2
1558,4,0.4,0.1,1e-05,0.422578086455663,0.04247179029432794,0.7575188080469767,0.04611972272061971,monks2
1559,4,0.4,0.001,0.0001,0.5274870196978251,0.05156941389285393,0.5968045095602671,0.11878598574834297,monks2
1560,3,0.7,0.001,0.001,0.5907748341560364,0.021573165414403114,0.5499164462089539,0.05390675541940413,monks2
1561,3,0.7,0.05,0.001,0.46887733538945514,0.04908590229453316,0.7575188080469767,0.04611972272061971,monks2
1562,3,0.6,0.1,0.0001,1.2193203568458557,1.070757050574532,0.6444235642751058,0.1151186815220493,monks2
1563,3,0.7,0.05,1e-05,0.4217107991377513,0.032927297514075596,0.7575188080469767,0.04611972272061971,monks2
1564,3,0.7,0.01,0.0,0.41989732782046,0.039237901631935856,0.7575188080469767,0.04611972272061971,monks2
1565,4,0.6,0.001,0.0001,0.650617261727651,0.027791175007704318,0.5206766923268636,0.015115708575339745,monks2
1566,4,0.5,0.1,1e-05,0.436964750289917,0.057994812088375786,0.7277568976084391,0.08044855104383464,monks2
1567,3,0.7,0.01,0.0001,0.43060001730918884,0.03658617495850365,0.7575188080469767,0.04611972272061971,monks2
1568,4,0.6,0.001,0.0,0.6517653266588846,0.03476454561360177,0.5266290704409281,0.0218715554307046,monks2
1569,3,0.6,0.1,0.01,0.6494870583216349,0.05378716848527893,0.6267752647399902,0.06050847416786048,monks2
1570,4,0.5,0.1,0.001,0.5686626036961874,0.06034027280982004,0.6860902309417725,0.05657863117958597,monks2
1571,3,0.6,0.01,0.01,0.6012392640113831,0.037167483177101626,0.5258980890115103,0.09188312657263868,monks2
1572,4,0.4,0.05,0.01,0.6186333298683167,0.04023149077148331,0.44402673840522766,0.03214712375971972,monks2
1573,3,0.7,0.1,0.0001,0.4367867906888326,0.03794770477714955,0.7575188080469767,0.04611972272061971,monks2
1574,3,0.8,0.05,0.001,0.47173991799354553,0.04456628109891504,0.7575188080469767,0.04611972272061971,monks2
1575,3,0.7,0.001,1e-05,0.6032573580741882,0.02434544648744007,0.5324770212173462,0.010859486533291478,monks2
1576,3,0.8,0.001,1e-05,0.666871964931488,0.050196995608542766,0.5266290704409281,0.0218715554307046,monks2
1577,3,0.6,0.001,0.001,0.5497457484404246,0.04626923609859754,0.6087092757225037,0.10398642442079904,monks2
1578,3,0.7,0.1,0.01,0.6116168101628622,0.03831893760991643,0.5375939905643463,0.1046937978284222,monks2
1579,4,0.6,0.001,0.01,0.7113040884335836,0.01993936678502517,0.514933168888092,0.053713440349315474,monks2
1580,3,0.8,0.05,1e-05,0.42763615647951764,0.029013218679226554,0.7575188080469767,0.04611972272061971,monks2
1581,3,0.8,0.001,0.001,0.6100534200668335,0.02091250590144423,0.5147243142127991,0.010969392661491927,monks2
1582,3,0.6,0.001,1e-05,0.5331748127937317,0.05777358713643738,0.6087092757225037,0.10398642442079904,monks2
1583,3,0.6,0.1,0.0,0.4286656280358632,0.04193769991499937,0.7575188080469767,0.04611972272061971,monks2
1584,4,0.6,0.05,0.0,0.41803346077601117,0.034941715928117935,0.7575188080469767,0.04611972272061971,monks2
1585,3,0.8,0.1,0.0001,0.4374985992908478,0.04432694867221519,0.7575188080469767,0.04611972272061971,monks2
1586,3,0.8,0.01,0.0001,0.43246203660964966,0.037174286930302516,0.7575188080469767,0.04611972272061971,monks2
1587,3,0.7,0.01,0.01,0.5980937083562216,0.03288757774828394,0.5258980890115103,0.09188312657263868,monks2
1588,4,0.6,0.05,0.0001,0.45124388734499615,0.048867124744885596,0.7575188080469767,0.04611972272061971,monks2
1589,4,0.5,0.05,0.01,0.6470907727877299,0.01357058374272215,0.533312459786733,0.0920741198225362,monks2
1590,4,0.3,0.01,0.0,0.41978919506073,0.0360694634610176,0.7575188080469767,0.04611972272061971,monks2
1591,4,0.3,0.05,0.001,0.49561190605163574,0.03219938701255083,0.6801378528277079,0.06489878469694084,monks2
1592,4,0.6,0.01,1e-05,0.4219336311022441,0.037041815327037486,0.7575188080469767,0.04611972272061971,monks2
1593,4,0.6,0.01,0.001,0.4767765899499257,0.03952609437027911,0.7575188080469767,0.04611972272061971,monks2
1594,3,0.8,0.01,0.0,0.42144185304641724,0.033578403131015934,0.7575188080469767,0.04611972272061971,monks2
1595,3,0.7,0.1,0.0,1.3478501737117767,1.2604118236126591,0.6622806986172994,0.08996848813055057,monks2
1596,4,0.7,0.001,0.0,0.761949380238851,0.11801265861717518,0.5149331788221995,0.04012010681248911,monks2
1597,4,0.3,0.01,0.0001,0.4325484136740367,0.037261434892210406,0.7575188080469767,0.04611972272061971,monks2
1598,4,0.3,0.05,1e-05,0.42175738016764325,0.04010627751956182,0.7575188080469767,0.04611972272061971,monks2
1599,4,0.4,0.05,0.001,0.48736506700515747,0.040629393463937666,0.7575188080469767,0.04611972272061971,monks2
1600,4,0.7,0.01,1e-05,0.42145151893297833,0.037936528422369886,0.7575188080469767,0.04611972272061971,monks2
1601,4,0.6,0.1,1e-05,0.4194100300470988,0.04441822077966419,0.7575188080469767,0.04611972272061971,monks2
1602,4,0.7,0.05,0.0,0.4189375837643941,0.038098071462089954,0.7575188080469767,0.04611972272061971,monks2
1603,4,0.4,0.05,1e-05,0.4296649893124898,0.03279953913776886,0.7575188080469767,0.04611972272061971,monks2
1604,3,0.8,0.1,0.01,4.007056335608165,2.4420750206637534,0.5974310636520386,0.0437229355554092,monks2
1605,4,0.7,0.001,0.0001,0.7601751685142517,0.11715325606824463,0.520885556936264,0.04850823396257188,monks2
1606,4,0.6,0.05,0.01,2.4591928720474243,2.5461314822361847,0.5393692553043365,0.10871795749479231,monks2
1607,4,0.7,0.01,0.001,0.47774601976076764,0.038744420938625596,0.7575188080469767,0.04611972272061971,monks2
1608,4,0.7,0.05,0.0001,0.4394281307856242,0.030685613062035516,0.7575188080469767,0.04611972272061971,monks2
1609,4,0.7,0.001,0.01,0.7876510421435038,0.10956853706773943,0.520885556936264,0.04850823396257188,monks2
1610,3,0.8,0.01,0.01,0.5970909396807352,0.03872900064738448,0.5617167750994364,0.04993501788905948,monks2
1611,4,0.4,0.01,0.0001,0.43167950709660846,0.03857468039095553,0.7575188080469767,0.04611972272061971,monks2
1612,4,0.5,0.05,1e-05,0.4202587306499481,0.04103599976870195,0.7575188080469767,0.04611972272061971,monks2
1613,4,0.3,0.1,0.0001,0.4531976779301961,0.02109210659344633,0.6860902309417725,0.05657863117958597,monks2
1614,4,0.4,0.01,0.0,0.42187826832135517,0.036130397803784,0.7575188080469767,0.04611972272061971,monks2
1615,4,0.5,0.05,0.001,0.4837578733762105,0.0394942618889586,0.7575188080469767,0.04611972272061971,monks2
1616,4,0.6,0.1,0.001,0.4897517462571462,0.035722236617491916,0.7515664100646973,0.03790854666164888,monks2
1617,4,0.5,0.01,0.0001,0.4328390657901764,0.03741390624758657,0.7575188080469767,0.04611972272061971,monks2
1618,4,0.7,0.1,0.001,0.5120820303757986,0.016791662766211045,0.6860902309417725,0.05657863117958597,monks2
1619,4,0.3,0.1,0.0,0.4149675170580546,0.03769525303377907,0.7575188080469767,0.04611972272061971,monks2
1620,4,0.5,0.001,0.001,0.6084555586179098,0.018327995749886385,0.5205722649892172,0.018008264924156116,monks2
1621,4,0.7,0.1,1e-05,2.1765453219413757,2.479532954029448,0.7224310835202535,0.07771951628768531,monks2
1622,4,0.4,0.1,0.0001,1.0632246136665344,0.7577938147586833,0.6271929740905762,0.07296743210798277,monks2
1623,4,0.4,0.01,0.01,0.6177255908648173,0.04133978303001592,0.4967627425988515,0.0340911459035402,monks2
1624,4,0.8,0.001,0.0,0.7914914091428121,0.1089414137072123,0.503132830063502,0.035832242437364416,monks2
1625,4,0.5,0.001,1e-05,0.5981569488843282,0.022563475400659217,0.5559732516606649,0.03214712450193615,monks2
1626,4,0.5,0.01,0.0,0.4226875603199005,0.03659305585608466,0.7575188080469767,0.04611972272061971,monks2
1627,4,0.8,0.05,0.0,0.4266643424828847,0.03176908195248911,0.7575188080469767,0.04611972272061971,monks2
1628,4,0.8,0.001,0.0001,0.7886612812678019,0.10776698156093323,0.5091896454493204,0.047512684430296534,monks2
1629,4,0.8,0.1,1e-05,3.2139432529608407,2.2920203264961136,0.6444235642751058,0.06575514198315201,monks2
1630,4,0.8,0.01,0.001,0.4764450391133626,0.038330671585219654,0.7575188080469767,0.04611972272061971,monks2
1631,4,0.3,0.1,0.01,3.5315614144007363,4.076062154504108,0.597326656182607,0.046816266117252495,monks2
1632,4,0.8,0.01,1e-05,0.42133960127830505,0.0383499660033326,0.7575188080469767,0.04611972272061971,monks2
1633,4,0.8,0.001,0.01,0.7991286714871725,0.10876182254962143,0.520885556936264,0.04850823396257188,monks2
1634,4,0.6,0.001,0.001,0.6528724034627279,0.024553434881886164,0.5266290704409281,0.0218715554307046,monks2
1635,3,0.8,0.1,0.0,0.4367411533991496,0.04208966418018847,0.7575188080469767,0.04611972272061971,monks2
1636,4,0.8,0.05,0.0001,0.43615002433458966,0.037877019557377364,0.7575188080469767,0.04611972272061971,monks2
1637,4,0.5,0.1,0.0001,0.43016889691352844,0.039092019710595095,0.7575188080469767,0.04611972272061971,monks2
1638,4,0.8,0.1,0.001,0.49353886644045514,0.05214406901262256,0.7107351819674174,0.09186461400294092,monks2
1639,5,0.3,0.05,0.0,0.43568849563598633,0.041966814681814145,0.7575188080469767,0.04611972272061971,monks2
1640,4,0.7,0.05,0.01,0.6192712585131327,0.046176840554794936,0.5384293993314108,0.015077423524514376,monks2
1641,4,0.4,0.1,0.0,0.4284105698267619,0.03527508583926801,0.7575188080469767,0.04611972272061971,monks2
1642,4,0.5,0.01,0.01,0.6176426609357198,0.041597394766252904,0.5146198868751526,0.02529954576195558,monks2
1643,4,0.3,0.001,0.001,0.5346875985463461,0.03590008233586408,0.6087092757225037,0.10398642442079904,monks2
1644,5,0.3,0.05,0.0001,0.450273076693217,0.028646105369417155,0.7158521413803101,0.01653587923815553,monks2
1645,4,0.4,0.1,0.01,0.681843896706899,0.0037679906227980576,0.6210317611694336,0.033082010434285825,monks2
1646,4,0.6,0.001,1e-05,0.6507413983345032,0.03355176865836903,0.5266290704409281,0.0218715554307046,monks2
1647,5,0.3,0.01,1e-05,0.42432935039202374,0.03409700526226929,0.7575188080469767,0.04611972272061971,monks2
1648,4,0.3,0.01,0.01,0.618853767712911,0.039756358632345085,0.47911446293195087,0.025541508033528334,monks2
1649,4,0.3,0.001,1e-05,0.5027048687140147,0.042417226392307175,0.6146616538365682,0.10423718311751634,monks2
1650,5,0.3,0.01,0.001,0.483906626701355,0.03955044296792755,0.7575188080469767,0.04611972272061971,monks2
1651,4,0.4,0.001,1e-05,0.5274830162525177,0.05361663736338492,0.5968045095602671,0.11878598574834297,monks2
1652,5,0.3,0.001,0.01,0.7745954394340515,0.10877629503930966,0.4914369285106659,0.06926339354255036,monks2
1653,5,0.3,0.05,0.01,0.43230193853378296,0.15897722710554404,0.875,0.1767766952966369,monks2
1654,4,0.5,0.1,0.0,0.5638460218906403,0.08190252967194396,0.6212405959765116,0.010324083645165709,monks2
1655,4,0.6,0.05,1e-05,0.4266199966271718,0.032621378958414965,0.7575188080469767,0.04611972272061971,monks2
1656,4,0.4,0.001,0.001,0.5560140212376913,0.045545768812212485,0.6027568976084391,0.1044159269662519,monks2
1657,5,0.3,0.1,1e-05,0.43575194478034973,0.021298019752717334,0.6860902309417725,0.05657863117958597,monks2
1658,5,0.4,0.001,0.0,0.5988506277402242,0.020669091823908404,0.5205722649892172,0.018008264924156116,monks2
1659,5,0.4,0.001,0.0001,0.6063535610834757,0.021553402181627514,0.5324770212173462,0.010859486533291478,monks2
1660,4,0.6,0.01,0.0,0.42239394783973694,0.03728067808220835,0.7575188080469767,0.04611972272061971,monks2
1661,4,0.8,0.05,0.01,0.6250867247581482,0.044086173339284065,0.48506684104601544,0.027555083728130692,monks2
1662,5,0.3,0.001,0.0,0.528942197561264,0.05629642092198414,0.5908521314462026,0.11856600023400608,monks2
1663,5,0.4,0.001,0.01,0.7250083684921265,0.028956396455153053,0.4973893066247304,0.06582146857584292,monks2
1664,5,0.4,0.05,0.0,0.43104145924250287,0.03921815584025616,0.7575188080469767,0.04611972272061971,monks2
1665,4,0.6,0.05,0.001,0.47816314299901325,0.038503664961818014,0.7575188080469767,0.04611972272061971,monks2
1666,5,0.4,0.01,0.001,0.48587995767593384,0.040203631438246665,0.7575188080469767,0.04611972272061971,monks2
1667,4,0.6,0.01,0.0001,0.4351754387219747,0.036272239528453806,0.7575188080469767,0.04611972272061971,monks2
1668,4,0.7,0.001,1e-05,0.7606569727261862,0.11494127521849018,0.5149331788221995,0.04012010681248911,monks2
1669,5,0.3,0.001,0.0001,0.53330131371816,0.0553015829070569,0.6027568876743317,0.11131389438840451,monks2
1670,5,0.4,0.01,1e-05,0.4225504994392395,0.0393649043743903,0.7575188080469767,0.04611972272061971,monks2
1671,4,0.5,0.1,0.01,0.6594334642092387,0.022243042828719018,0.4792188803354899,0.10968144979066659,monks2
1672,4,0.7,0.05,1e-05,1.347517987092336,1.2701911077634773,0.6325187981128693,0.13190748761725674,monks2
1673,4,0.6,0.1,0.0001,2.348064879576365,2.624604519479094,0.6510025064150492,0.045846520268327036,monks2
1674,5,0.4,0.05,0.0001,0.44122403860092163,0.03837013977680209,0.7575188080469767,0.04611972272061971,monks2
1675,5,0.4,0.1,1e-05,0.42658957839012146,0.037061835852072254,0.7575188080469767,0.04611972272061971,monks2
1676,4,0.7,0.01,0.0001,0.43452587723731995,0.03984226658792379,0.7575188080469767,0.04611972272061971,monks2
1677,4,0.7,0.05,0.001,0.4808034896850586,0.031416407642573294,0.7456140319506327,0.02981296289480816,monks2
1678,5,0.5,0.01,1e-05,0.4236933986345927,0.03833074474474414,0.7575188080469767,0.04611972272061971,monks2
1679,5,0.5,0.001,0.0001,0.660600503285726,0.032056566909781016,0.50898078083992,0.031747734219967814,monks2
1680,4,0.6,0.1,0.0,2.189801722764969,2.5419101134134463,0.7277568976084391,0.08044855104383464,monks2
1681,5,0.5,0.001,0.0,0.6576161583264669,0.029524344458665072,0.5266290704409281,0.0218715554307046,monks2
1682,5,0.3,0.1,0.001,2.388887122273445,2.450460313427845,0.7381996711095175,0.17286919731077643,monks2
1683,4,0.7,0.001,0.001,0.7506122390429179,0.11754985885517359,0.5149331788221995,0.04012010681248911,monks2
1684,5,0.5,0.001,0.01,0.7896992365519205,0.10700445327050254,0.4972848792870839,0.06517513437047573,monks2
1685,5,0.5,0.05,0.0,0.43755651513735455,0.03405296167581362,0.7575188080469767,0.04611972272061971,monks2
1686,4,0.7,0.01,0.0,0.4207963744799296,0.035777601919006474,0.7575188080469767,0.04611972272061971,monks2
1687,5,0.6,0.001,0.0,0.7747885783513387,0.11421931210154743,0.5090852280457815,0.04421846448530206,monks2
1688,5,0.5,0.01,0.001,0.4869219958782196,0.037999713926859496,0.7575188080469767,0.04611972272061971,monks2
1689,5,0.4,0.05,0.01,0.43343114852905273,0.1525547608686803,0.8154761890570322,0.2484361597642838,monks2
1690,5,0.6,0.001,0.0001,0.7765544454256693,0.11115875905618075,0.503132830063502,0.035832242437364416,monks2
1691,4,0.6,0.01,0.01,0.6190129319826762,0.04190769457935281,0.5437552332878113,0.07486195208119595,monks2
1692,5,0.4,0.1,0.001,2.316294886171818,2.6637987253552007,0.7381996711095175,0.17286919731077643,monks2
1693,4,0.8,0.05,1e-05,0.4306693871815999,0.029963465302943384,0.7575188080469767,0.04611972272061971,monks2
1694,4,0.7,0.1,0.0001,1.8454822301864624,1.990445466719398,0.6697995165983835,0.1454093191469888,monks2
1695,5,0.6,0.05,0.0001,0.4442890187104543,0.04067105736719593,0.7575188080469767,0.04611972272061971,monks2
1696,5,0.5,0.1,0.001,3.3422449032465615,2.38418388277688,0.7462405959765116,0.1797120967241339,monks2
1697,5,0.6,0.001,0.01,0.7453521688779196,0.027953619310552565,0.5091896454493204,0.057622738981547406,monks2
1698,5,0.5,0.05,0.0001,0.3329826071858406,0.20630542553217926,0.817042609055837,0.12969773210840382,monks2
1699,5,0.6,0.01,1e-05,0.4229068160057068,0.036582356237175095,0.7575188080469767,0.04611972272061971,monks2
1700,5,0.6,0.05,0.0,0.422443946202596,0.031137545124577493,0.7575188080469767,0.04611972272061971,monks2
1701,5,0.3,0.05,1e-05,0.4349165161450704,0.022814233124911397,0.6860902309417725,0.05657863117958597,monks2
1702,4,0.6,0.1,0.01,4.183942993481954,2.4606706655153623,0.5393692553043365,0.10871795749479231,monks2
1703,4,0.8,0.1,0.0001,0.45561927556991577,0.060849054949560305,0.7575188080469767,0.04611972272061971,monks2
1704,5,0.6,0.01,0.001,0.485783855120341,0.03602517699906136,0.7575188080469767,0.04611972272061971,monks2
1705,4,0.8,0.01,0.01,0.619940996170044,0.040078976086779364,0.48506684104601544,0.027555083728130692,monks2
1706,4,0.8,0.05,0.001,0.48301589488983154,0.042195705888205405,0.7575188080469767,0.04611972272061971,monks2
1707,4,0.8,0.001,0.001,0.7721182107925415,0.11099965734005553,0.5091896454493204,0.057622738981547406,monks2
1708,4,0.7,0.1,0.0,4.050645212332408,2.550339981372353,0.6042188902695974,0.0910863760914007,monks2
1709,4,0.8,0.001,1e-05,0.7909310062726339,0.1066936778679144,0.5089807907740275,0.04550655067074055,monks2
1710,5,0.6,0.1,1e-05,0.4315621455510457,0.03774894286892171,0.7224310835202535,0.07771951628768531,monks2
1711,4,0.7,0.1,0.01,3.7759368220965066,4.405411993795417,0.5616123676300049,0.11935538340103576,monks2
1712,4,0.8,0.01,0.0,0.4198513925075531,0.03569573669114904,0.7575188080469767,0.04611972272061971,monks2
1713,5,0.7,0.001,0.0001,0.7943262855211893,0.10336191297566559,0.520885556936264,0.03591829472852257,monks2
1714,5,0.7,0.001,0.0,0.7942647735277811,0.1038845658631375,0.5149331589539846,0.02755506125220986,monks2
1715,4,0.8,0.01,0.0001,0.436492919921875,0.03265231822009983,0.7575188080469767,0.04611972272061971,monks2
1716,5,0.7,0.001,0.01,0.8132991790771484,0.10598454165576617,0.503237267335256,0.04937324458748511,monks2
1717,5,0.3,0.01,0.0001,0.43805646896362305,0.03676818448045147,0.7575188080469767,0.04611972272061971,monks2
1718,5,0.7,0.05,0.01,5.842344284057617,0.1592488705362919,0.6212405959765116,0.010324083645165709,monks2
1719,5,0.7,0.01,0.001,0.48428162932395935,0.03581612202016217,0.7575188080469767,0.04611972272061971,monks2
1720,5,0.7,0.01,1e-05,0.4261465569337209,0.03263615140265276,0.7575188080469767,0.04611972272061971,monks2
1721,5,0.5,0.1,1e-05,0.19057739417379102,0.15361659646057566,0.9229323466618856,0.0749211968152901,monks2
1722,5,0.7,0.05,0.0001,0.4353841543197632,0.03951779753775602,0.7575188080469767,0.04611972272061971,monks2
1723,4,0.7,0.01,0.01,0.6236764589945475,0.03575818503185096,0.5142021675904592,0.07637829685649897,monks2
1724,5,0.6,0.1,0.001,4.292983889579773,2.2576594160830132,0.6688596407572428,0.07070906598066229,monks2
1725,5,0.6,0.05,0.01,0.32145559787750244,0.017800070039166973,0.9940476218859354,0.008417933857282851,monks2
1726,5,0.3,0.1,0.0,0.4363328119119008,0.043877606389316114,0.7224310835202535,0.07771951628768531,monks2
1727,5,0.3,0.01,0.0,0.42545150717099506,0.03498708993782433,0.7575188080469767,0.04611972272061971,monks2
1728,5,0.5,0.05,0.01,0.31231080492337543,0.015286647979721402,0.988095243771871,0.016835867714565703,monks2
1729,4,0.8,0.1,0.01,4.161825478076935,2.491912368163086,0.6329365173975626,0.02494009548568856,monks2
1730,5,0.4,0.001,0.001,0.6220086216926575,0.019447952515175504,0.5205722649892172,0.018008264924156116,monks2
1731,5,0.8,0.001,0.0,0.804188092549642,0.10460323842347556,0.49718044201533,0.040058610454709195,monks2
1732,5,0.4,0.001,1e-05,0.599261999130249,0.021943156674667095,0.5205722649892172,0.018008264924156116,monks2
1733,5,0.4,0.05,1e-05,0.4273101290067037,0.0411698315079275,0.7575188080469767,0.04611972272061971,monks2
1734,5,0.4,0.01,0.0,0.42033355434735614,0.0363045391888651,0.7575188080469767,0.04611972272061971,monks2
1735,4,0.8,0.1,0.0,2.194487382968267,2.467691648798376,0.7224310835202535,0.07771951628768531,monks2
1736,5,0.3,0.05,0.001,0.07900513211886089,0.025375716337976223,0.9940476218859354,0.008417933857282851,monks2
1737,5,0.8,0.05,0.0,0.4210479259490967,0.045109640089587184,0.7575188080469767,0.04611972272061971,monks2
1738,5,0.8,0.001,0.0001,0.8016312122344971,0.10167585294339208,0.5031328399976095,0.04844457905819148,monks2
1739,5,0.8,0.001,0.01,0.8275776704152426,0.10453877834161127,0.5032372574011484,0.060936259749287874,monks2
1740,5,0.7,0.1,1e-05,0.32469525188207626,0.20073485701973054,0.8110902309417725,0.1213025151642129,monks2
1741,5,0.8,0.01,1e-05,0.4239835838476817,0.034373327557090785,0.7575188080469767,0.04611972272061971,monks2
1742,5,0.7,0.1,0.001,3.85482099900643,2.6778143133722727,0.7521929740905762,0.17524661123137256,monks2
1743,5,0.3,0.001,0.001,0.5884143908818563,0.023143550295626168,0.5321637392044067,0.047766066098172126,monks2
1744,5,0.7,0.05,0.0,0.3019010256975889,0.2049051469405879,0.817042609055837,0.12969773210840382,monks2
1745,5,0.8,0.01,0.001,0.48432108759880066,0.0393712962026749,0.7575188080469767,0.04611972272061971,monks2
1746,5,0.8,0.05,0.0001,0.4400208791097005,0.0346607582366398,0.7575188080469767,0.04611972272061971,monks2
1747,5,0.5,0.001,0.001,0.6905202666918436,0.05519561577591915,0.5149331788221995,0.04012010681248911,monks2
1748,5,0.5,0.01,0.0001,0.43445368607838947,0.03790142635923319,0.7575188080469767,0.04611972272061971,monks2
1749,5,0.4,0.01,0.0001,0.43529990315437317,0.033409964150823444,0.7575188080469767,0.04611972272061971,monks2
1750,5,0.5,0.001,1e-05,0.6635343829790751,0.03497293604508796,0.5266290903091431,0.03645142030479904,monks2
1751,5,0.8,0.1,0.001,3.9572433779637017,2.711330497198703,0.7343358397483826,0.16290486935539078,monks2
1752,5,0.3,0.001,1e-05,0.5278512140115103,0.05497773026129824,0.6087092757225037,0.10398642442079904,monks2
1753,5,0.6,0.001,1e-05,0.7740401824315389,0.11050056316973668,0.503237267335256,0.04937324458748511,monks2
1754,5,0.5,0.01,0.0,0.4193753997484843,0.037529457985814495,0.7575188080469767,0.04611972272061971,monks2
1755,5,0.8,0.1,1e-05,2.213902393976847,2.5321845107357643,0.6563283205032349,0.05739669170140998,monks2
1756,5,0.5,0.05,1e-05,0.42290900150934857,0.03485681899370507,0.7575188080469767,0.04611972272061971,monks2
1757,5,0.6,0.001,0.001,0.7725011507670084,0.11229507142547586,0.503237267335256,0.04937324458748511,monks2
1758,5,0.4,0.1,0.0001,2.2162291506926217,2.546537632021163,0.7277568976084391,0.08044855104383464,monks2
1759,5,0.3,0.1,0.01,2.3839503029982247,2.6038984300403256,0.7025898098945618,0.1877681653789922,monks2
1760,5,0.6,0.01,0.0,0.42502183715502423,0.036192697181521086,0.7575188080469767,0.04611972272061971,monks2
1761,5,0.5,0.1,0.01,4.149110158284505,2.509876358557127,0.5978487928708395,0.026781998093899487,monks2
1762,5,0.8,0.05,0.01,0.399483064810435,0.1422858324486729,0.851190467675527,0.2104484588236673,monks2
1763,5,0.3,0.01,0.01,0.29097310702006024,0.0017262592984351283,1.0,0.0,monks2
1764,5,0.6,0.05,1e-05,0.42397573590278625,0.044386691297273885,0.7575188080469767,0.04611972272061971,monks2
1765,5,0.6,0.01,0.0001,0.4348319172859192,0.039677160514267985,0.7575188080469767,0.04611972272061971,monks2
1766,5,0.4,0.1,0.0,1.5137137903366238,1.8882185618143161,0.8352130452791849,0.12928844805947315,monks2
1767,5,0.4,0.05,0.001,0.5119816164175669,0.6298239382804645,0.9285714228947958,0.08868849244037388,monks2
1768,5,0.4,0.01,0.01,0.2857929567495982,0.006893807864902423,1.0,0.0,monks2
1769,5,0.7,0.001,0.001,0.7940837144851685,0.10824357347942597,0.520885556936264,0.03591829472852257,monks2
1770,5,0.7,0.001,1e-05,0.7966517806053162,0.10346698118812411,0.520885556936264,0.03591829472852257,monks2
1771,5,0.6,0.1,0.0,0.4351650873819987,0.050049243027731734,0.7575188080469767,0.04611972272061971,monks2
1772,5,0.3,0.1,0.0001,2.042535179605087,2.8453541516047918,0.8690476218859354,0.18519462915391974,monks2
1773,5,0.7,0.01,0.0,0.423215518395106,0.03449543558678253,0.7575188080469767,0.04611972272061971,monks2
1774,5,0.7,0.01,0.0001,0.43417125940322876,0.03754303408682977,0.7575188080469767,0.04611972272061971,monks2
1775,5,0.6,0.1,0.0001,0.16682716086506844,0.1661717648042633,0.9287802974383036,0.07724885090440883,monks2
1776,5,0.8,0.001,1e-05,0.8056705594062805,0.1007126559019631,0.503132830063502,0.035832242437364416,monks2
1777,5,0.6,0.1,0.01,4.147732377052307,2.442399583500506,0.5974310636520386,0.03257844469732453,monks2
1778,5,0.6,0.05,0.001,0.06397783632079761,0.006163896140604161,1.0,0.0,monks2
1779,5,0.8,0.05,1e-05,0.43996793031692505,0.018276502822590905,0.6860902309417725,0.05657863117958597,monks2
1780,5,0.7,0.05,0.001,2.2085410269598165,2.7300457758607997,0.773809532324473,0.16581414126625205,monks2
1781,5,0.7,0.1,0.01,5.858122666676839,0.14431147808296757,0.6212405959765116,0.010324083645165709,monks2
1782,5,0.5,0.1,0.0,0.7788052161534628,0.5399113972554378,0.7337092757225037,0.07293514350908463,monks2
1783,5,0.8,0.001,0.001,0.806123673915863,0.09955163210787585,0.503237247467041,0.03984187804696666,monks2
1784,5,0.4,0.1,0.01,4.162334779898326,2.4217900437106765,0.5974310636520386,0.03257844469732453,monks2
1785,5,0.7,0.05,1e-05,2.3206112682819366,2.6440376952499443,0.6860902309417725,0.05657863117958597,monks2
1786,5,0.7,0.1,0.0,1.2400037447611492,1.127481897456388,0.692042609055837,0.0482923801238097,monks2
1787,5,0.5,0.01,0.01,0.2891160150369008,0.002580069176291536,1.0,0.0,monks2
1788,5,0.8,0.01,0.0,0.41938509543736774,0.036286584588508974,0.7575188080469767,0.04611972272061971,monks2
1789,5,0.8,0.01,0.0001,0.43325228492418927,0.03856616954410597,0.7575188080469767,0.04611972272061971,monks2
1790,5,0.6,0.01,0.01,0.29493855436642963,0.000861136393552141,1.0,0.0,monks2
1791,5,0.5,0.05,0.001,0.058800239115953445,0.0032101221671582848,1.0,0.0,monks2
1792,5,0.8,0.1,0.01,5.84234603246053,0.15925125801428647,0.6212405959765116,0.010324083645165709,monks2
1793,5,0.7,0.01,0.01,0.28980106115341187,0.004136321152060367,1.0,0.0,monks2
1794,5,0.8,0.1,0.0,5.201837062835693,0.7531887338633355,0.6033834417661031,0.03532468407129415,monks2
1795,5,0.5,0.1,0.0001,2.089996417363485,2.6404237785967566,0.8454469641049703,0.15606208115931305,monks2
1796,5,0.8,0.1,0.0001,4.090097367763519,2.523802727184236,0.6331453522046407,0.021898463912797327,monks2
1797,5,0.8,0.05,0.001,0.5628112951914469,0.7033704351361485,0.9523809552192688,0.0673434989561618,monks2
1798,5,0.8,0.01,0.01,0.2863079806168874,0.004039144014355324,1.0,0.0,monks2
1799,5,0.7,0.1,0.0001,0.5323785245418549,0.1059552969719987,0.6860902309417725,0.05657863117958597,monks2
