best_model: {'reg': SVR(C=6.0, gamma=0.1)}
train_score: 0.55 (0.01)
test_score: 0.69 (0.03)
fit_time: 0.15 (0.06)
mean_train_score,std_train_score,mean_test_score,std_test_score,mean_fit_time,std_fit_time,reg__C,reg__gamma
-0.7631568379173372,0.013313738821083804,-0.792767618625852,0.061334754009565194,0.058397769927978516,0.00403017870773539,2.0,0.02
-0.6898274973251626,0.01134389544576239,-0.7373300217277095,0.05259092666175912,0.0709233283996582,0.0069361139945624236,2.0,0.04
-0.6511599784170735,0.010178774962559615,-0.7154884196911129,0.04370727631592181,0.11873211860656738,0.0341268312187905,2.0,0.06
-0.6250126156074689,0.009089680573340312,-0.7049902727951374,0.03864061601530403,0.15031123161315918,0.014134538166632715,2.0,0.08
-0.6037275853260072,0.0085670758935201,-0.6983515381076324,0.034090798322823426,0.1250004291534424,0.010901861065244487,2.0,0.1
-0.586249637785972,0.007442565754192727,-0.6952080974058519,0.029758878731509272,0.10074124336242676,0.04372510744261111,2.0,0.12000000000000001
-0.5709924766446713,0.007087907348933434,-0.6942440132452636,0.028383675520760883,0.15886621475219725,0.013678249413526135,2.0,0.13999999999999999
-0.5563560020215655,0.006887078523982572,-0.6958840930993355,0.027774978153647573,0.15852084159851074,0.014724632077085643,2.0,0.16
-0.5422418382844372,0.006263001629846809,-0.6988675453286668,0.026232957629559676,0.16029272079467774,0.0125190957140933,2.0,0.18
-0.5285484481810769,0.006116753254487223,-0.7024209269754326,0.025993389979561923,0.17859668731689454,0.013019605844378643,2.0,0.19999999999999998
-0.5160690491782072,0.005873150862725916,-0.7051064790382056,0.025980291912586603,0.16068606376647948,0.018688633716891966,2.0,0.22
-0.503447606624521,0.006178455565635604,-0.7085058233543722,0.025678966845020686,0.09426379203796387,0.04170177620615917,2.0,0.24
-0.4911621778447338,0.00658741143556314,-0.7112390265585359,0.025283425124734006,0.1574707508087158,0.039895817260228575,2.0,0.26
-0.4793517225787,0.006955682439580667,-0.7132183208872285,0.025032624595239812,0.16238341331481934,0.012595557911250128,2.0,0.28
-0.46800003709837446,0.007247760602176815,-0.7153502307481643,0.024442820887402645,0.16925468444824218,0.02974552121781129,2.0,0.30000000000000004
-0.45727794035132885,0.007566875574739625,-0.7176612729028122,0.024322658982269017,0.17903642654418944,0.008213854654746663,2.0,0.32
-0.44714498907751354,0.007771413305479841,-0.7203827971206784,0.024935722722165054,0.1855140209197998,0.016366391535125806,2.0,0.34
-0.43741229621599687,0.007942504212098946,-0.7235424802209623,0.02531927606715397,0.15111804008483887,0.04776219867581071,2.0,0.36000000000000004
-0.4279949839812597,0.008141466560725582,-0.7265463509025449,0.02574616547179086,0.15564637184143065,0.043211692511463715,2.0,0.38
-0.4191225406463611,0.008146345526974815,-0.7298697323701466,0.02594356310967066,0.18116769790649415,0.024575871012312112,2.0,0.4
-0.4104270505417177,0.008059790381952758,-0.7339203573573322,0.025790452691086298,0.180153751373291,0.024480470405106983,2.0,0.42000000000000004
-0.40207573913245953,0.007852742294805011,-0.7383003528306679,0.025787943788546333,0.1749178409576416,0.012278588030692136,2.0,0.44
-0.3939388890106515,0.007664597159651415,-0.7428650909258727,0.025491215010405736,0.18983616828918456,0.016975935512794936,2.0,0.46
-0.38624873469006027,0.007549419177013857,-0.7474755308172161,0.02479641583061808,0.1705031394958496,0.04557486658755115,2.0,0.48000000000000004
-0.37890068704394525,0.007576353788775958,-0.7520043615844468,0.024341836036218596,0.14939279556274415,0.04008846371490083,2.0,0.5
-0.7342583836018481,0.012633544682565123,-0.7709198158670072,0.05748348926399211,0.1501162052154541,0.014202898038123789,4.0,0.02
-0.6658186290224735,0.01136511399401048,-0.7275680332178395,0.04617313818904564,0.16101088523864746,0.019076020737351984,4.0,0.04
-0.624993305717709,0.009266267839457868,-0.7101397683753378,0.04103678356134464,0.14495511054992677,0.0121959298692818,4.0,0.06
-0.595110912466824,0.008127984022993423,-0.6995392131520881,0.03386780463230762,0.16167087554931642,0.0045617820571301065,4.0,0.08
-0.5705464982815547,0.007439142547073852,-0.692158493633849,0.03003229081725497,0.17713699340820313,0.012888602565216624,4.0,0.1
-0.5488893926527988,0.0068075848029085385,-0.6905663391820454,0.02975510808011943,0.11008009910583497,0.03448239839228278,4.0,0.12000000000000001
-0.528029518380506,0.006414624580876363,-0.6930631527736274,0.026817144547541916,0.18627076148986815,0.016016355025974663,4.0,0.13999999999999999
-0.5083725218197161,0.0064473337472279475,-0.6962193252446628,0.024398761204153088,0.2034236431121826,0.01416237950823588,4.0,0.16
-0.48953117414576636,0.00699069938202059,-0.699284626675877,0.02454176395612077,0.193961763381958,0.014104653205972666,4.0,0.18
-0.47101145686133206,0.007199282117035282,-0.7011901613641854,0.024998626929744597,0.19529109001159667,0.01419000716447614,4.0,0.19999999999999998
-0.4534222159281337,0.007390116668561916,-0.7031742732871782,0.024938418257625692,0.19720802307128907,0.010717389462871771,4.0,0.22
-0.4367905665142322,0.007246518177911055,-0.7052855779400375,0.025332568396047524,0.12813158035278321,0.04918176159990018,4.0,0.24
-0.42103474623443454,0.0073152849317570465,-0.7078112767390794,0.026114483698463243,0.2257004737854004,0.016015340281936317,4.0,0.26
-0.4059517241486323,0.00791687672195078,-0.710212518263823,0.026438097115076588,0.20383143424987793,0.012553186393227828,4.0,0.28
-0.3913114065366156,0.008377442364038581,-0.7127019666979875,0.026411743635516374,0.21260204315185546,0.007866289771023046,4.0,0.30000000000000004
-0.37740335699575284,0.008853343723539655,-0.715554487050376,0.025744852497546548,0.21181488037109375,0.006979231399811315,4.0,0.32
-0.36425663428209293,0.009068193547028498,-0.7179640950089803,0.025232367919563698,0.22733216285705565,0.02029303402587298,4.0,0.34
-0.35164141918868896,0.008930977843519901,-0.7205421265013082,0.02495113533513601,0.20110864639282228,0.04696259050180119,4.0,0.36000000000000004
-0.3395333428403569,0.008832970202951273,-0.7237779307881766,0.024451980834664787,0.23595213890075684,0.02187028821156121,4.0,0.38
-0.32776655283528194,0.008680036070655069,-0.7274240456283688,0.024583050654397406,0.22715115547180176,0.02934339638750549,4.0,0.4
-0.3167708058213299,0.00846459046790925,-0.7314325296019298,0.02490268300077579,0.23829131126403807,0.023916640939038707,4.0,0.42000000000000004
-0.30629961966618646,0.008325220674567108,-0.7356300782168396,0.025379402080381894,0.2568504333496094,0.017083359056662348,4.0,0.44
-0.2960818061094045,0.008129482604551722,-0.7402119994798788,0.025796339369531466,0.2443230628967285,0.012899043378159494,4.0,0.46
-0.2864719179191376,0.00811437375171834,-0.7452275544646161,0.025868101668410807,0.20232753753662108,0.06711252940342552,4.0,0.48000000000000004
-0.277349802323804,0.008343579315634246,-0.7501887655730951,0.026208116919452944,0.23086323738098144,0.025464910802351696,4.0,0.5
-0.720405254178527,0.012386159958976288,-0.7628592664264288,0.055457121908744814,0.15192594528198242,0.017253205929916835,6.0,0.02
-0.6519684305975246,0.01087993748954568,-0.7242941790162166,0.04428573763595808,0.1640693187713623,0.013798346542433589,6.0,0.04
-0.6083940593702201,0.008497985908483467,-0.7076614849855145,0.03800685052513046,0.17828011512756348,0.021214646589385718,6.0,0.06
-0.5766746696120196,0.008395788049448745,-0.6956703420998431,0.03315139141724373,0.1560818672180176,0.05174413772943061,6.0,0.08
-0.5496647465794711,0.007173445655014487,-0.6903106322225303,0.030969188189861566,0.15106654167175293,0.05901431993180522,6.0,0.1
-0.5244476076824973,0.006808872339880303,-0.6927029205932073,0.025823916891934022,0.17706651687622071,0.014236120636586564,6.0,0.12000000000000001
-0.5011330113672738,0.0069205013139253015,-0.6974294226887342,0.023465132024270113,0.21336283683776855,0.021541103832533236,6.0,0.13999999999999999
-0.4785649079321086,0.007251311708282073,-0.6992465787735431,0.024494739019856146,0.1621448040008545,0.05642090178139527,6.0,0.16
-0.4569741945965496,0.007091649934408234,-0.7016143776345469,0.02581149818236742,0.13602094650268554,0.0338027011508473,6.0,0.18
-0.4370437296706765,0.007265428488724812,-0.7035204554321034,0.025501170108752073,0.22037200927734374,0.054067506486137534,6.0,0.19999999999999998
-0.41801122898219845,0.007448961225332977,-0.7060439107886733,0.025290589662636365,0.20264606475830077,0.05233234761983721,6.0,0.22
-0.3999874197618626,0.008235710826628854,-0.7080724543386027,0.025895917326017343,0.2305760383605957,0.05181201492266576,6.0,0.24
-0.38300450692010524,0.008474518641872828,-0.7101760142318609,0.02621540152095322,0.23800764083862305,0.022942443320613508,6.0,0.26
-0.36661645064698667,0.008751502175353176,-0.713289338613433,0.025804625998046154,0.2615549087524414,0.021267411128033424,6.0,0.28
-0.35107015350713283,0.009141832757632086,-0.7167852888363726,0.02558621310424118,0.26303873062133787,0.020404726527192787,6.0,0.30000000000000004
-0.33622693495521194,0.008896903890734786,-0.7198138873518225,0.02550888737795231,0.24730324745178223,0.038796985174054846,6.0,0.32
-0.3221626052648865,0.0087893110886846,-0.723141203952875,0.026054991610815408,0.1884457588195801,0.06082651880702202,6.0,0.34
-0.3087914304111535,0.008749648091665166,-0.7262724825545201,0.02719156729944058,0.2675008773803711,0.01675240318112023,6.0,0.36000000000000004
-0.296480544338939,0.008414053754314251,-0.7300977084178976,0.028099408469568408,0.28060159683227537,0.042647774813092565,6.0,0.38
-0.2848755603770484,0.008295053128024182,-0.7343848352824722,0.02856129413060841,0.28391127586364745,0.008580181591733283,6.0,0.4
-0.27392100738865294,0.008215405018204117,-0.7399408443145679,0.028866456053933315,0.28784947395324706,0.02774941565695151,6.0,0.42000000000000004
-0.2638337229396449,0.008282651620952137,-0.7457915151070053,0.029333045714824785,0.23328065872192383,0.07128977401621159,6.0,0.44
-0.25417116882130186,0.00806193700678297,-0.7512857165469284,0.030316316438534774,0.2554609298706055,0.06844101453034208,6.0,0.46
-0.24505551481172444,0.00772153789191343,-0.756500964374807,0.030946636903138345,0.25443038940429685,0.03236333618415033,6.0,0.48000000000000004
-0.23630415787443265,0.007465109367276481,-0.7617593653961842,0.03140004017687484,0.2639514446258545,0.042550392554938775,6.0,0.5
-0.7119950414463889,0.012183471410590757,-0.7595773864329408,0.053800727618463794,0.14921841621398926,0.026534558796511124,8.0,0.02
-0.641432187993699,0.010520131428127613,-0.7225542557712938,0.04343715282520877,0.1617884159088135,0.013983137650947683,8.0,0.04
-0.5969253235632911,0.008624902829639496,-0.7058397065264999,0.03696249887122549,0.1620236873626709,0.04633133729720826,8.0,0.06
-0.563209076108085,0.007689595402190963,-0.6937187038614245,0.03287599450989717,0.17170438766479493,0.058307037571155,8.0,0.08
-0.533921852147958,0.007297107992824222,-0.6906798628683241,0.02938081400780189,0.23084402084350586,0.013437355233633763,8.0,0.1
-0.5070352078106931,0.00693486649002057,-0.6968026177936644,0.02323877061205726,0.23851337432861328,0.02993228649942874,8.0,0.12000000000000001
-0.48149618953160955,0.0074198630232001975,-0.6994892384010181,0.023811537101569743,0.23386001586914062,0.027009583422221203,8.0,0.13999999999999999
-0.45720329407724625,0.007332109654700111,-0.7025276335465815,0.02482208216588915,0.2235177993774414,0.014257667226652945,8.0,0.16
-0.43506813363403757,0.007082784160946433,-0.7042228870350549,0.025123934382430352,0.18438754081726075,0.06465250858426473,8.0,0.18
-0.4139332172293293,0.007490656174016371,-0.7063892279653132,0.024437566143414805,0.2396298885345459,0.02856025430302993,8.0,0.19999999999999998
-0.3937542503390594,0.008369888636311726,-0.7084126613746199,0.02563069710045693,0.29811506271362304,0.0188961577841835,8.0,0.22
-0.37507210593264706,0.008624375995639014,-0.7101697123589679,0.02640514240171851,0.26558656692504884,0.020191067130464372,8.0,0.24
-0.3571382515612961,0.009109155137029106,-0.714071768842617,0.026838499073781167,0.2819364547729492,0.03580771893743828,8.0,0.26
-0.340165923962735,0.009047624172789141,-0.7172114826596415,0.026769079255992232,0.27614169120788573,0.024135508462638514,8.0,0.28
-0.3239119285947477,0.008645094557884361,-0.7210940362053333,0.027432526435753495,0.19469823837280273,0.057164946075826416,8.0,0.30000000000000004
-0.3087144669312159,0.008786289105806705,-0.7246063145108229,0.028799288319353595,0.2604189872741699,0.028687822529600972,8.0,0.32
-0.2945672340870208,0.008470952733658582,-0.7283644731109201,0.0301927393241607,0.2780306816101074,0.024423225417659383,8.0,0.34
-0.28150619789332054,0.008233815227457229,-0.7330516039896545,0.030998064721565598,0.3179631233215332,0.013366110180390025,8.0,0.36000000000000004
-0.26949491787735813,0.008063114610088323,-0.7394474616653799,0.031841915144962,0.3107933521270752,0.016640326741912032,8.0,0.38
-0.2583817615432186,0.007761628285862147,-0.7459669312536754,0.03256691849038747,0.20559988021850586,0.07814270178251677,8.0,0.4
-0.24789465952080114,0.007613245428964722,-0.7515244976712431,0.033480832297305904,0.30551915168762206,0.0630432582905329,8.0,0.42000000000000004
-0.237932682183692,0.0076296947984033905,-0.7570291152661726,0.03408304509654289,0.354111909866333,0.009165409957430752,8.0,0.44
-0.2283140139375778,0.0074366699205125515,-0.7629681291137286,0.03461157935728092,0.3223100185394287,0.01881651224584898,8.0,0.46
-0.21903465688852827,0.007210734577572876,-0.7691962509704079,0.03534447850656435,0.316190242767334,0.020857491818798278,8.0,0.48000000000000004
-0.21052216089010986,0.007056304608893309,-0.7751129827033768,0.035949876877413627,0.268453311920166,0.02514566485221287,8.0,0.5
-0.7057468798917073,0.012380284139986401,-0.757185242641888,0.05230404099486271,0.15106496810913086,0.03344196242671095,10.0,0.02
-0.6327082792976821,0.009770580302376748,-0.72084678590211,0.04278076607881671,0.16156368255615233,0.02407944450612441,10.0,0.04
-0.5876878338358698,0.008957873514131865,-0.7030005265174423,0.03548883753173856,0.19966225624084472,0.027490887179710016,10.0,0.06
-0.5525881511690092,0.00757387356630474,-0.6933225178316272,0.03259918960397107,0.22771697044372557,0.01606312784062968,10.0,0.08
-0.5214567226635459,0.007191121170120858,-0.6937879658151901,0.02581854355972911,0.2365800380706787,0.013507401474437174,10.0,0.1
-0.4930661010319999,0.0076656544605496115,-0.6993172276667258,0.022923575327322785,0.1978982925415039,0.06805827318580414,10.0,0.12000000000000001
-0.4659934024350947,0.007607970447445572,-0.7026609641397217,0.024143466979135223,0.2374577045440674,0.03622439108493034,10.0,0.13999999999999999
-0.44137051406723976,0.007072279971078708,-0.7041465505693796,0.025153084517556983,0.28347578048706057,0.024729511546914898,10.0,0.16
-0.41797055056236515,0.007212846349765286,-0.7062903447885731,0.0245018434148513,0.27275500297546384,0.02931284393078512,10.0,0.18
-0.39580861641600773,0.008031975439451194,-0.7082852534299976,0.025569474559664098,0.29926328659057616,0.04299198732772724,10.0,0.19999999999999998
-0.3753374323306682,0.00839776728738861,-0.7104121724836863,0.026410335631396456,0.27791786193847656,0.027908188850169238,10.0,0.22
-0.3559004545489758,0.009261141973383227,-0.7143876151465804,0.0276995396811406,0.27968778610229494,0.05853853776565012,10.0,0.24
-0.3372667312902481,0.00882410029366334,-0.7171785794814793,0.027922705798393194,0.329420804977417,0.05284630835057499,10.0,0.26
-0.3196530835286303,0.008523548891796531,-0.7216185889744609,0.02897057975955302,0.29092631340026853,0.04306206031148443,10.0,0.28
-0.3033743878850813,0.008752031121180254,-0.7259042468465533,0.03041207386628988,0.33388867378234866,0.010521525661372964,10.0,0.30000000000000004
-0.2885416362356787,0.008370349828013181,-0.7300250163928643,0.031581385872252704,0.3377476692199707,0.04812896543022909,10.0,0.32
-0.2747436542917347,0.008127970376827597,-0.7359634411708544,0.0329856827072571,0.30391359329223633,0.07573406013391142,10.0,0.34
-0.26212289961442203,0.007899188182770567,-0.7429171945832383,0.034514629135992264,0.3677705764770508,0.03746623562644705,10.0,0.36000000000000004
-0.2502423288551051,0.00768317558264756,-0.7497109788373895,0.03553120599162323,0.34989705085754397,0.027391388659552738,10.0,0.38
-0.23899540495277072,0.007670207721236474,-0.7554520274627452,0.03603755142232371,0.368906831741333,0.02864837151773717,10.0,0.4
-0.22840827228256355,0.007515355116861332,-0.7623517225530456,0.036422330912309134,0.327224588394165,0.042667850486239445,10.0,0.42000000000000004
-0.21838261873986592,0.007205119054649455,-0.7690775033250737,0.03680850105155834,0.26306686401367185,0.055603047867315084,10.0,0.44
-0.20911549417694614,0.006735136233141916,-0.7754287905121535,0.03772887786793797,0.3284783363342285,0.012860371820530934,10.0,0.46
-0.20063767090039972,0.006411236479343396,-0.7818096987452802,0.03868001884662453,0.32555184364318845,0.024557644973303046,10.0,0.48000000000000004
-0.19277944242973138,0.0062693174257964475,-0.7879299909769836,0.039308922231239905,0.3278499126434326,0.03132192980447636,10.0,0.5
-0.6999891859769763,0.012026322382711709,-0.7562923148931869,0.05164550575168266,0.16715784072875978,0.019429523691014857,12.0,0.02
-0.6257414681443217,0.009405081238651886,-0.7200590169549436,0.041804567672721255,0.16540975570678712,0.022222454255775886,12.0,0.04
-0.5793752377760508,0.00879091092211503,-0.7010852064489018,0.03521236567330358,0.1517091751098633,0.05451186878134384,12.0,0.06
-0.5434417675783209,0.007539018262549421,-0.6936047481669595,0.03110161219998771,0.24573283195495604,0.01329951848641752,12.0,0.08
-0.5111766858512653,0.007447245728823334,-0.6964188080596606,0.024227142012688545,0.23376498222351075,0.02242549148259514,12.0,0.1
-0.4810521956414435,0.00795295358300276,-0.7009550827436822,0.0235759649829482,0.2635631561279297,0.025433042396408485,12.0,0.12000000000000001
-0.4536962863300313,0.007273104521554053,-0.704720614575586,0.024504886155570067,0.29821219444274905,0.013017902849258198,12.0,0.13999999999999999
-0.4279520823623474,0.006815395665619136,-0.7056372452927581,0.024107846057369875,0.22558989524841308,0.08318210181948123,12.0,0.16
-0.40370997048703205,0.00762431604092647,-0.7079320799157671,0.024651635902470805,0.320752477645874,0.04645053397185751,12.0,0.18
-0.3813703658189527,0.008213550484414724,-0.7102434181029682,0.026483400148576343,0.33847775459289553,0.022990656570320043,12.0,0.19999999999999998
-0.36011633607880233,0.009117500927734262,-0.7141057457649976,0.028160126395392386,0.363709831237793,0.024647896099847397,12.0,0.22
-0.34019071481636576,0.008948673423694046,-0.7172111698984043,0.029003382961985888,0.2009878158569336,0.03853530407550176,12.0,0.24
-0.3211858569087268,0.008489783584555023,-0.7216460319669393,0.02987111994673828,0.32466468811035154,0.037420242826607844,12.0,0.26
-0.30340894105316596,0.00865402471339909,-0.7263012786795909,0.031272569300692096,0.2432985782623291,0.04424153311483469,12.0,0.28
-0.28763077917941765,0.008180145319525484,-0.7310696886612792,0.03251115807565994,0.26370720863342284,0.029310026243232007,12.0,0.30000000000000004
-0.27298729875997974,0.008075568493551013,-0.7375557026363752,0.03438256161032547,0.3022355079650879,0.06662502146527705,12.0,0.32
-0.2592830175239581,0.007888283149178452,-0.7454167131801736,0.036095738542446604,0.3253044605255127,0.10471671102985096,12.0,0.34
-0.2465852657948644,0.007862479412771588,-0.752547133699628,0.037060012096843745,0.12263875007629395,0.009121200955138018,12.0,0.36000000000000004
-0.23472130516408257,0.0078036324531525324,-0.7591518789088493,0.037172876359075915,0.12013049125671386,0.006131302987102317,12.0,0.38
-0.22364471168386119,0.0076206079102912605,-0.766607657430941,0.037260796861948366,0.11746072769165039,0.01323539090963547,12.0,0.4
-0.21341739492832573,0.007220211473201492,-0.7734038009588209,0.037936706667921746,0.12140655517578125,0.014309013344874163,12.0,0.42000000000000004
-0.2039845976476792,0.006680730970199566,-0.7801560390314506,0.03937357963298714,0.12040581703186035,0.009842338639235716,12.0,0.44
-0.19509581045902508,0.006223612993880834,-0.7869371592577067,0.04098292794374703,0.1263681411743164,0.007367617221842182,12.0,0.46
-0.18702083198305333,0.005778432806230783,-0.7929894554828986,0.04241803115797254,0.1204439640045166,0.007965635594518305,12.0,0.48000000000000004
-0.17929503035169514,0.0052733831617118075,-0.7987925227180277,0.04301697839490082,0.12788238525390624,0.02428767380404465,12.0,0.5
-0.6953736030381599,0.011577131700566465,-0.7547745648868304,0.05082879478837095,0.05454859733581543,0.004711685407608956,14.0,0.02
-0.6201028732665691,0.009079374384106035,-0.7192190579699637,0.04058608720221107,0.059297943115234376,0.003625066816667705,14.0,0.04
-0.5724620468141384,0.008649534596605666,-0.7001518288299993,0.033754952273621214,0.0745814323425293,0.007300691040974032,14.0,0.06
-0.5356953265106155,0.007631187415305133,-0.6940278257753622,0.029322226619695368,0.07472686767578125,0.00550581117625699,14.0,0.08
-0.5024782731080827,0.007846279895467587,-0.6986947140676839,0.022912313883019626,0.08075261116027832,0.010926440461272554,14.0,0.1
-0.4714232364719545,0.00775248902376181,-0.7026335000520725,0.024380369393640387,0.09038195610046387,0.007715958912271072,14.0,0.12000000000000001
-0.44337062958793877,0.007027615470382085,-0.7055632557604558,0.02416159370649481,0.09815006256103516,0.007619641554286398,14.0,0.13999999999999999
-0.41675881222016675,0.007047605716338532,-0.7072462389090509,0.023489245875828742,0.09408869743347167,0.013039916357408591,14.0,0.16
-0.39179558339624737,0.007898303028096522,-0.7094753636045633,0.026061338663213498,0.10828638076782227,0.010934050782566991,14.0,0.18
-0.3689510915125874,0.008692680775656067,-0.7130368793721436,0.02805379743963549,0.10280852317810059,0.014204772662803178,14.0,0.19999999999999998
-0.347391015598165,0.009077763206610618,-0.7171645307795304,0.029000407936319327,0.11015124320983886,0.007622812121822536,14.0,0.22
-0.3269894888152961,0.008543430684496232,-0.7207016581020917,0.030226916179956795,0.12445049285888672,0.01841347896661062,14.0,0.24
-0.30775662033468604,0.00851677853670736,-0.726082902273167,0.031729549081461736,0.12352590560913086,0.006568487333973831,14.0,0.26
-0.2905083958839595,0.008271758034890844,-0.7308806380262584,0.03258208895971268,0.11799159049987792,0.013668694055762098,14.0,0.28
-0.27479936267117494,0.008085383217247676,-0.738033085788908,0.034577736509194164,0.29882521629333497,0.15006091027434867,14.0,0.30000000000000004
-0.2600184156550613,0.008029556245099698,-0.7466328796311518,0.03663688406903858,0.3901763916015625,0.02806921662804256,14.0,0.32
-0.2465455300840734,0.008140985891974904,-0.7543716479701714,0.03782754336999972,0.40930562019348143,0.022043363947943928,14.0,0.34
-0.23388573933534845,0.007922514885990857,-0.7616231980093853,0.037650336555105496,0.40204696655273436,0.053141310353252674,14.0,0.36000000000000004
-0.222111175724261,0.007703827574233734,-0.7693239216051998,0.03763421676967985,0.32716965675354004,0.12950595612491977,14.0,0.38
-0.2114772016197161,0.007132691814768386,-0.7763331363628837,0.038595949523176264,0.37227520942687986,0.07036632852634513,14.0,0.4
-0.20172743566510692,0.0068203366352767286,-0.7833576190366397,0.040828453486126855,0.39195947647094725,0.03054499450182317,14.0,0.42000000000000004
-0.19252263154589505,0.006165791382076716,-0.7906660602939761,0.04303602507376731,0.3751082420349121,0.036462897429723494,14.0,0.44
-0.18383391050342465,0.005623044984106785,-0.7969557701391331,0.044516731303878496,0.3964644432067871,0.02279134138006709,14.0,0.46
-0.17577645276661458,0.0047622362134880905,-0.802179751623294,0.04507250529002988,0.25169758796691893,0.04147019679362016,14.0,0.48000000000000004
-0.16843715028559242,0.004104519413473346,-0.8069021319516863,0.04546326720131532,0.33285818099975584,0.03537395186558593,14.0,0.5
-0.6909558085131244,0.011482901647485885,-0.7534966389532116,0.049912689739065944,0.14077444076538087,0.015537372705525965,16.0,0.02
-0.6149088655662203,0.008999747904772362,-0.7185501692193321,0.03969705211512064,0.20063047409057616,0.02458058695761991,16.0,0.04
-0.5667972174719832,0.008329389229371676,-0.6997228323667548,0.032744100375747716,0.2269106388092041,0.020323106248110578,16.0,0.06
-0.5289804623895071,0.007456049264147707,-0.6955296077789793,0.027777582835243144,0.24433798789978028,0.07260076542810516,16.0,0.08
-0.4945116426104015,0.007899367184821456,-0.6998569647416514,0.02286657670399665,0.19135541915893556,0.08452847576273184,16.0,0.1
-0.46301889822036957,0.007376200695596793,-0.704551707437199,0.024547957387997588,0.3145378589630127,0.018390092745550566,16.0,0.12000000000000001
-0.43415349556896776,0.00665794581231661,-0.706428079910556,0.023546454417727153,0.3274552345275879,0.015039425697811448,16.0,0.13999999999999999
-0.4067934001755914,0.007482685070445779,-0.7085002197537302,0.024125228606897878,0.3584019184112549,0.03707648154404528,16.0,0.16
-0.38166402157526463,0.008210890082235868,-0.7116115029811971,0.027097019729251708,0.39073634147644043,0.05207378398216557,16.0,0.18
-0.3581595138971682,0.009060617672045525,-0.7161150379158148,0.02899944025157279,0.32818164825439455,0.07969223848062106,16.0,0.19999999999999998
-0.33627104070017916,0.008694194724676495,-0.7195643123825872,0.029890141957401785,0.37751216888427735,0.024904973929652047,16.0,0.22
-0.3156667615123319,0.008310840803401784,-0.7249399857077105,0.031206281468697535,0.3577572345733643,0.029127879417970935,16.0,0.24
-0.2964782025946576,0.008462246974805233,-0.7299539375480519,0.032565125166336376,0.4324532985687256,0.016851229220315907,16.0,0.26
-0.27952525662645444,0.008113570388425407,-0.7369125719552045,0.03396505317228938,0.4034574031829834,0.042088792792186226,16.0,0.28
-0.2635900894951602,0.008151674716814584,-0.7461668397470497,0.036454712255501426,0.35568995475769044,0.06977420158148846,16.0,0.30000000000000004
-0.24924563275304967,0.008283616119939444,-0.754834728160145,0.038253205450587247,0.49367189407348633,0.032347804026007086,16.0,0.32
-0.23576750210483835,0.008076187195219785,-0.7627860860270761,0.03810293288487327,0.4401822566986084,0.029084317749079498,16.0,0.34
-0.2230563661149776,0.007759410926685537,-0.7706759423980687,0.03798831771320585,0.4324589729309082,0.03817288015692645,16.0,0.36000000000000004
-0.2117089699035853,0.007042550041255725,-0.7781603018511994,0.03870604177179254,0.3227882385253906,0.05231920808113915,16.0,0.38
-0.20167035988504103,0.006882228531176928,-0.785474113605986,0.04165421736380459,0.4386934280395508,0.018039973499804882,16.0,0.4
-0.19205044441835742,0.006169243259474135,-0.7931289023320877,0.04428077570274992,0.4286483287811279,0.022615451341811036,16.0,0.42000000000000004
-0.1828538075749211,0.005459660572338341,-0.7995723309851286,0.045794654682344796,0.4261902332305908,0.023027663493344723,16.0,0.44
-0.1744327978237134,0.004630710060428357,-0.8047234661077193,0.04659453057953835,0.38141283988952634,0.021963154273993254,16.0,0.46
-0.1668741054099263,0.004034458918594136,-0.8096044391548419,0.0471444542965899,0.28424892425537107,0.08972053773729666,16.0,0.48000000000000004
-0.1597388819421041,0.0037996094879255223,-0.8148070884294899,0.048053946862338236,0.4150449275970459,0.04312617219239887,16.0,0.5
-0.687351067070521,0.011274789614335265,-0.7529282957104833,0.049091150301591946,0.14417457580566406,0.01725048522665446,18.0,0.02
-0.6105297595863219,0.009016267886188783,-0.7174595139310005,0.03896409597754736,0.21200389862060548,0.029716585946867085,18.0,0.04
-0.561799321951753,0.008141659456544766,-0.6989505437718184,0.03238517422209466,0.22322897911071776,0.022598057178103093,18.0,0.06
-0.5228425092589255,0.0076521727688340325,-0.6965893718587812,0.02594996856290806,0.23258490562438966,0.09026589671057218,18.0,0.08
-0.48740197844393657,0.007867481592134315,-0.7009098056827037,0.02336352763843368,0.2935523986816406,0.07591094289977411,18.0,0.1
-0.45557060806976135,0.0072969060191656245,-0.7061986592666891,0.024128213827395686,0.3625637054443359,0.030719084707679707,18.0,0.12000000000000001
-0.4258337418528573,0.006565444774174381,-0.7078269581755822,0.0228680386882618,0.4070001125335693,0.026826059492517044,18.0,0.13999999999999999
-0.39790815923037137,0.007781708562230687,-0.7100290972436106,0.025250603271302515,0.3737372875213623,0.03754371235004832,18.0,0.16
-0.3724407773885857,0.008496504130863853,-0.7140253741131344,0.028380973409903865,0.2924366474151611,0.07086251414269285,18.0,0.18
-0.3488828842883513,0.008993022530017153,-0.7184928315767032,0.02931617823048818,0.45035133361816404,0.02519523682315883,18.0,0.19999999999999998
-0.3267173420706292,0.00845375455263404,-0.722534601133573,0.030470991941745046,0.4224517345428467,0.024998440765318323,18.0,0.22
-0.3057434728722185,0.008499534477738857,-0.7283593759556007,0.03254201467330983,0.45421948432922366,0.020521468426329695,18.0,0.24
-0.2870622383184086,0.008249059730595636,-0.7350021328524822,0.03327440185963283,0.46188888549804685,0.037149490827404825,18.0,0.26
-0.26976448827500965,0.008183890839701594,-0.7440469303944038,0.03532593911615086,0.3984979152679443,0.0750964403567836,18.0,0.28
-0.2541168903943582,0.008429433621694916,-0.7536834667806723,0.03746851857755479,0.43602490425109863,0.032846938537703284,18.0,0.30000000000000004
-0.2400029122712144,0.00838400361180034,-0.7626373416500981,0.03850320947678676,0.47296757698059083,0.015169289726845465,18.0,0.32
-0.2262934682804904,0.008048194190026874,-0.7711362473772829,0.038406317807498945,0.4678412914276123,0.019154812567048592,18.0,0.34
-0.21407373036490868,0.007296959298283511,-0.7787846961457788,0.03826500000794127,0.3586099147796631,0.055740014179926696,18.0,0.36000000000000004
-0.2032251129255153,0.006899011407433536,-0.7867213507010485,0.04141971102819449,0.46187582015991213,0.03178547151335894,18.0,0.38
-0.19319157768924403,0.006297483436326446,-0.7942526227014971,0.04483839510168154,0.477843713760376,0.05298525253703571,18.0,0.4
-0.18355746614587504,0.0054876485127725635,-0.8011834718602321,0.04651700183449726,0.46135964393615725,0.05033353094678414,18.0,0.42000000000000004
-0.17472188898564864,0.004677462099873694,-0.8063461248890367,0.04784051183948393,0.3955683708190918,0.025852707720923646,18.0,0.44
-0.1667788462691947,0.0041010067274773535,-0.8115164459433029,0.048498260139750116,0.3796572208404541,0.0738858753479033,18.0,0.46
-0.1594113710919264,0.003692037762870949,-0.8168862988693265,0.04955971941791918,0.3976423740386963,0.021645711368098206,18.0,0.48000000000000004
-0.15271315164306784,0.003244960602357565,-0.821621849931406,0.050317701368928,0.42610945701599123,0.04121969596211073,18.0,0.5
-0.6843879917012251,0.011216174806142145,-0.751850192868614,0.048766140320141024,0.16995491981506347,0.026009432028008903,20.0,0.02
-0.6065106901750708,0.009138129648907853,-0.7163093087313428,0.038744906017802026,0.19112071990966797,0.0476257829694018,20.0,0.04
-0.5571956936931579,0.008073734512596957,-0.6987432750584703,0.03208686271308481,0.16800131797790527,0.0545159916214197,20.0,0.06
-0.5172165889513163,0.007875809722182773,-0.6971026382687329,0.024785224577468384,0.2888362407684326,0.030905947536333613,20.0,0.08
-0.48109517375463345,0.007948905071041568,-0.7023665080843928,0.02437285027816632,0.3469532012939453,0.004564166260266283,20.0,0.1
-0.4488777324308685,0.007075365240762421,-0.7074163394910803,0.023666287033148933,0.3481194019317627,0.030207812854294407,20.0,0.12000000000000001
-0.4184143363211031,0.006895281996171924,-0.7089560703197675,0.023229304408924362,0.3528590679168701,0.04232748575984919,20.0,0.13999999999999999
-0.3901720525783422,0.008019548054926691,-0.7117615519479747,0.02688388762244033,0.329898738861084,0.07193476557809242,20.0,0.16
-0.3643265496448401,0.008798683268625776,-0.7163523549715297,0.029127958380439807,0.4568334102630615,0.016473698923248077,20.0,0.18
-0.34051460293393804,0.008822305456708602,-0.720555271010545,0.029784849431699182,0.4854452610015869,0.02932633338066124,20.0,0.19999999999999998
-0.3179710552209748,0.008351340601596636,-0.7255215511650593,0.03141744516278864,0.4672719478607178,0.02526397742742774,20.0,0.22
-0.2971655850796522,0.008577474189053516,-0.7320259298770321,0.03266847635486607,0.4182415008544922,0.09157889321891248,20.0,0.24
-0.27850078720791555,0.008277939134326395,-0.7406558602483927,0.03419835989576947,0.5093547821044921,0.1107142087073702,20.0,0.26
-0.26129354885638956,0.008472327548270951,-0.7510323162833639,0.03620609790924539,0.5123728752136231,0.08168664752562678,20.0,0.28
-0.24599343957079225,0.008457095656143786,-0.7610233376305675,0.03836673187005441,0.5532649040222168,0.04953629173034764,20.0,0.30000000000000004
-0.23160056963760903,0.008255010928507592,-0.7704466101303893,0.038709135624531925,0.4666260242462158,0.12789120948126748,20.0,0.32
-0.2182202786378366,0.007739611864839175,-0.7784274703023107,0.038389091372558616,0.4940062999725342,0.1152467970721593,20.0,0.34
-0.20648313728909487,0.0071109628684121766,-0.7866429812033202,0.04060109448586917,0.4741696834564209,0.021830967737493174,20.0,0.36000000000000004
-0.19577767243044622,0.0064831166508544725,-0.7944985738195488,0.04448769940194189,0.45532779693603515,0.028678329268493317,20.0,0.38
-0.18561597220234816,0.005649226699701792,-0.802013606904531,0.04670786701027168,0.4718891143798828,0.03590978542814612,20.0,0.4
-0.1763206400829168,0.004842503336437436,-0.8074048818558017,0.04843368648771535,0.41200695037841795,0.08901486982277321,20.0,0.42000000000000004
-0.16786033976072753,0.004297481915546181,-0.8127167633158544,0.04942966941583802,0.463107967376709,0.05264588278286813,20.0,0.44
-0.160169389747644,0.0036999580419409296,-0.8182354845484385,0.050584224232109176,0.47069687843322755,0.052828201737651494,20.0,0.46
-0.15315277648890152,0.00321466911218327,-0.8231247721739677,0.05138457863874302,0.438588285446167,0.040518493198719766,20.0,0.48000000000000004
-0.14656968546789567,0.0027079341052645973,-0.8279319113809823,0.051661610083409436,0.27877039909362794,0.0864191285004178,20.0,0.5
-0.681265181171543,0.011281120139217147,-0.7512885770563738,0.04820521281652421,0.17559552192687988,0.0217756103839394,22.0,0.02
-0.6027995330325991,0.009285092422432993,-0.7152020642309719,0.038595160964433155,0.2462541103363037,0.025512171322134257,22.0,0.04
-0.5528977957244783,0.008095783519040362,-0.6983656764752192,0.032023137922467415,0.23981657028198242,0.0380026055098574,22.0,0.06
-0.512272977989675,0.007959098004604887,-0.6974360718396249,0.02405350151883422,0.31592721939086915,0.049480762623675414,22.0,0.08
-0.4755500057366585,0.007940884909041022,-0.7036799951119954,0.025004676665176927,0.3333165645599365,0.027297887198027875,22.0,0.1
-0.44285200085931986,0.006913550655807554,-0.7083658994563573,0.023500426186771232,0.3316290855407715,0.11163243646894319,22.0,0.12000000000000001
-0.4115583842708176,0.007270978978770933,-0.7104047493094929,0.023848271764719278,0.42001872062683104,0.03143568943055678,22.0,0.13999999999999999
-0.3830870171042494,0.008121959893422627,-0.7137745141464495,0.027770576210930143,0.4455115795135498,0.033292739569221665,22.0,0.16
-0.35709583649881754,0.008827959530911788,-0.718748129033691,0.029316738268045258,0.4594869136810303,0.048947718699711436,22.0,0.18
-0.3329387613403662,0.008641837453106848,-0.7229230884797309,0.030148909312898393,0.36855602264404297,0.07848641005904049,22.0,0.19999999999999998
-0.31014507651777357,0.00868659125214741,-0.72864735823549,0.03229736426131418,0.4702006340026855,0.022533785077725826,22.0,0.22
-0.2895133070926131,0.008455487160828714,-0.7366132469694417,0.03295168632444666,0.5096137523651123,0.04576179068467904,22.0,0.24
-0.27066567474217196,0.008257920334315135,-0.7465301111291988,0.03507906778435964,0.5362593650817871,0.07592720065976695,22.0,0.26
-0.2540731455465327,0.00853892107564078,-0.7578272081013202,0.036942878606437614,0.5019108295440674,0.08679454851526133,22.0,0.28
-0.23868787623158152,0.008319161631302748,-0.7684339473072432,0.038891014036063876,0.574733304977417,0.045338203714733086,22.0,0.30000000000000004
-0.22417784651393538,0.008140114001450347,-0.7772515918150502,0.038847763219449924,0.5663303375244141,0.019352071250732853,22.0,0.32
-0.21125687275101307,0.007475667321277678,-0.7853903160260944,0.03914612445984174,0.5601950645446777,0.03304431488696188,22.0,0.34
-0.19978961746909046,0.006825127273050611,-0.7939141644689975,0.043243862125696086,0.4182616710662842,0.07261398933229388,22.0,0.36000000000000004
-0.18896699769428787,0.005854751790719461,-0.8021084888540152,0.04626094411399602,0.4401658058166504,0.015017653237201637,22.0,0.38
-0.17906689918470006,0.005184659627655992,-0.8080333589098212,0.04834901060162409,0.5042807102203369,0.02441122061731326,22.0,0.4
-0.17009171158643147,0.004485724869394222,-0.8133230565926246,0.04990091163164404,0.42482385635375974,0.07305117301610388,22.0,0.42000000000000004
-0.16184670415848876,0.0038811040061706224,-0.8189209032705481,0.05120834247028876,0.42958884239196776,0.02169151987062164,22.0,0.44
-0.15452059356204842,0.0032679723232571884,-0.8242774541233624,0.05195393288637112,0.3264012813568115,0.04169013470445575,22.0,0.46
-0.14759205748768522,0.0027325105900235847,-0.828983059744871,0.052519341024434105,0.41858272552490233,0.04811440143763682,22.0,0.48000000000000004
-0.14132531791005581,0.0022936158137408535,-0.8340595732589934,0.052408552829714385,0.3847951889038086,0.03331926880146813,22.0,0.5
-0.678336569744824,0.011431163700475073,-0.7508154137712294,0.04785040613570331,0.19827823638916015,0.012146124837789986,24.0,0.02
-0.5992983545000742,0.009258658325912996,-0.7144943765570434,0.038373089266844566,0.2422408103942871,0.02722238980819271,24.0,0.04
-0.5489559392800822,0.008116346843825607,-0.698356174310741,0.031583555629350335,0.22069358825683594,0.061852862712203895,24.0,0.06
-0.5077196351804448,0.008026173232636637,-0.6984714609432815,0.02329720799157287,0.3307644367218018,0.03462793290355224,24.0,0.08
-0.47048962334363376,0.007837238360966253,-0.7051829519626608,0.02515580468825841,0.388654899597168,0.047813460592076626,24.0,0.1
-0.4369537872870855,0.00678880083465772,-0.7095645881963548,0.023345633519824036,0.41197619438171384,0.03576071027595089,24.0,0.12000000000000001
-0.4053222395699915,0.00746902265192121,-0.7117456629782006,0.024443242182512093,0.4259650707244873,0.014055230932476062,24.0,0.13999999999999999
-0.3765539125510265,0.008218671763590474,-0.7156652706833231,0.028437978214224266,0.3374321460723877,0.07606713185112537,24.0,0.16
-0.3504265275429323,0.008877735391282743,-0.720645482324121,0.029525795965239278,0.5437119960784912,0.045049931494500824,24.0,0.18
-0.3259500322416165,0.00855652311214399,-0.7254146098500553,0.03077958173664186,0.5137617588043213,0.034101813719319966,24.0,0.19999999999999998
-0.3031542732173783,0.008863130520902273,-0.732009493426723,0.032589522624022545,0.5683624744415283,0.04712154756285814,24.0,0.22
-0.28254970160871695,0.00828799070565828,-0.741288746785072,0.03355556013883414,0.43422665596008303,0.08266020846582336,24.0,0.24
-0.26390587298862406,0.008439217557043601,-0.7525435002833689,0.03577753089580983,0.6370082378387452,0.05476614534776582,24.0,0.26
-0.24738605827376725,0.00842796191904707,-0.7646174895226364,0.037642302558930855,0.5683300495147705,0.03959390623227947,24.0,0.28
-0.23201584628074273,0.008187175337533695,-0.774915485280779,0.039082821552355394,0.5917403221130371,0.06443102241537442,24.0,0.30000000000000004
-0.2176639087112969,0.007902675331678596,-0.7837424531124574,0.03891297403652954,0.47423977851867677,0.08821577293729538,24.0,0.32
-0.2050302726799395,0.007154690871662117,-0.7924366961305747,0.041533672671877,0.5226540088653564,0.06851574198461766,24.0,0.34
-0.19366102584605904,0.006390917822408423,-0.8010786290586264,0.045413941126037055,0.5333617210388184,0.07577897825881201,24.0,0.36000000000000004
-0.18301251151707534,0.005451525623561953,-0.8081777585485762,0.047579333192478285,0.5017170906066895,0.029763320381099245,24.0,0.38
-0.17330950326859326,0.0047321141994550835,-0.8137317247038984,0.04976655263020462,0.43019824028015136,0.11346567439113696,24.0,0.4
-0.16458746416742231,0.004042723239264154,-0.8191869964575419,0.051230097270809134,0.4847117900848389,0.08549389883821899,24.0,0.42000000000000004
-0.15673283569312182,0.0034623887910451533,-0.824710522871525,0.05224736520678531,0.5223931312561035,0.03160277482792765,24.0,0.44
-0.14943733021131683,0.002840686893972624,-0.8296256796364634,0.05307200860565944,0.532161283493042,0.035619158611001484,24.0,0.46
-0.14278487500099582,0.002350246226311315,-0.8346309007754054,0.05330178702759123,0.45940289497375486,0.07035083284384913,24.0,0.48000000000000004
-0.13702457990016642,0.0021706130205092207,-0.8399816720382584,0.05317157038570481,0.3615178108215332,0.0898840586562062,24.0,0.5
-0.6756503581557536,0.011392350447469923,-0.7500738479518927,0.04739490399937402,0.1681140899658203,0.019574071671125855,26.0,0.02
-0.5961078586830382,0.009248060631748043,-0.7138775001732617,0.037733751935097835,0.23037338256835938,0.025721132939302557,26.0,0.04
-0.5454059312106202,0.008068510471006962,-0.6988035152029373,0.03079952429273484,0.26511249542236326,0.01824932516584864,26.0,0.06
-0.5035017077505284,0.00805899420549222,-0.6993617261111866,0.023100833326599145,0.34660911560058594,0.02308952655467215,26.0,0.08
-0.46580240091271685,0.0077704909140249205,-0.706513593463012,0.025355831591781872,0.2610613346099854,0.06304243020389771,26.0,0.1
-0.4314371653231938,0.006759809517481111,-0.710752031538099,0.023378074169200503,0.42048301696777346,0.03894891571062394,26.0,0.12000000000000001
-0.39958090855591444,0.0075559602651272964,-0.7130760310870924,0.02550950864388947,0.48555788993835447,0.02607587595228507,26.0,0.13999999999999999
-0.37058860595548765,0.008372466704976095,-0.7172871148790678,0.028967596715550718,0.4543784141540527,0.02195643569749548,26.0,0.16
-0.34439320262326467,0.008683673511926273,-0.7225437660479374,0.029749858461912897,0.5250658988952637,0.05796573123951148,26.0,0.18
-0.3195462210975578,0.008591365302985902,-0.7277943051211325,0.03183668311230525,0.44590439796447756,0.09972512301935775,26.0,0.19999999999999998
-0.29681001480693114,0.008679870923244234,-0.7358342091422099,0.03248462093804496,0.5905555248260498,0.06727381755374286,26.0,0.22
-0.2760433447538264,0.00819848114842252,-0.7459259898131613,0.034314863876754025,0.5763406753540039,0.057845842448706296,26.0,0.24
-0.25794349390302485,0.00851294778109871,-0.7585500411412662,0.03600431503260708,0.5748345851898193,0.030414160082154553,26.0,0.26
-0.24141621786215112,0.008239747483738926,-0.7710963570876264,0.038421192226310866,0.49122934341430663,0.07267932425922442,26.0,0.28
-0.2259206067719041,0.008174242677607881,-0.7810757918440074,0.03930676551129721,0.5968671798706054,0.023269733026536073,26.0,0.30000000000000004
-0.21179882102967187,0.007565341273655494,-0.789864389291479,0.03980091975302971,0.6202494144439697,0.04589458280567675,26.0,0.32
-0.1994045536541647,0.006874012681222536,-0.7989779480114955,0.04375816845373178,0.5706112861633301,0.0747605459684008,26.0,0.34
-0.1882083020342777,0.005911150435897792,-0.8072976564072324,0.046668268618206235,0.4803586006164551,0.10044582317321366,26.0,0.36000000000000004
-0.17759089304485123,0.005158078455784292,-0.8135920579011285,0.048930920778967095,0.5736763000488281,0.022816257935387538,26.0,0.38
-0.16834329562498826,0.004322902973416394,-0.8189911564855379,0.050863861545546216,0.5420676231384277,0.024784843748402074,26.0,0.4
-0.15967665616048426,0.003695658152995346,-0.8248697877243252,0.0524471925579648,0.5129148483276367,0.05096946984195138,26.0,0.42000000000000004
-0.15206154892727008,0.0030417215229089105,-0.8300212684465796,0.053190460488073486,0.3721285343170166,0.10726239932421697,26.0,0.44
-0.14498034155379882,0.002443487519906916,-0.8350614226499564,0.05386020117902586,0.5372898578643799,0.041894650837020916,26.0,0.46
-0.13877774112237615,0.00223668977513353,-0.8403588527769124,0.05400773152553039,0.5037404537200928,0.04803992895750482,26.0,0.48000000000000004
-0.13333316083063207,0.0018818695339678888,-0.8457133130641544,0.053805461230988186,0.4470206260681152,0.02173729997769391,26.0,0.5
-0.6731464275841901,0.011328712632225022,-0.7494209232773354,0.0469491861746503,0.13452916145324706,0.03873362707427785,28.0,0.02
-0.593023640147267,0.009033659460941482,-0.713305339025479,0.03729510413644405,0.22474937438964843,0.026754890843183797,28.0,0.04
-0.541894721047469,0.00812264095866169,-0.6994696002062273,0.03010811706697985,0.29140534400939944,0.017697020127597156,28.0,0.06
-0.4994729755582453,0.008000784959733814,-0.7000892878132425,0.023413070437281747,0.3808000087738037,0.04925497429841814,28.0,0.08
-0.46139711296628116,0.00765240080770705,-0.7078581996151921,0.02531982510468872,0.42149839401245115,0.024281587253806032,28.0,0.1
-0.4264093497088551,0.006816839871969748,-0.7120316214216624,0.023475784793424076,0.44470648765563964,0.021420276819200314,28.0,0.12000000000000001
-0.394354434900232,0.00766751955055961,-0.7143747941415814,0.026363369646711994,0.42711148262023924,0.10320178078301687,28.0,0.13999999999999999
-0.36517651696243103,0.008549324008961261,-0.7192945097735339,0.02926300415889943,0.5296876430511475,0.031909574315863574,28.0,0.16
-0.3386899538053763,0.008492784725153265,-0.7246009989405225,0.029911170252738827,0.5765066623687745,0.01973413076649286,28.0,0.18
-0.31359898348977383,0.008678493579832093,-0.7304620774802414,0.03229478853746106,0.5864263534545898,0.0321484104964943,28.0,0.19999999999999998
-0.2909425977171013,0.00850638160855293,-0.7397561924281714,0.032412823811035336,0.5468537330627441,0.11257108333966193,28.0,0.22
-0.2701895833638869,0.008228530287837484,-0.7509931260545896,0.03497110549884499,0.6318604469299316,0.06011365809349652,28.0,0.24
-0.2523442029416371,0.008495270335601796,-0.7647093650815154,0.03668324951495342,0.6176373481750488,0.028274360681911092,28.0,0.26
-0.2357943801991987,0.00810858783236593,-0.7768676164045007,0.038913501801243096,0.568644380569458,0.09165080604084026,28.0,0.28
-0.22027414039754295,0.007999226487741281,-0.7869385278609736,0.039364436351650184,0.5757733821868897,0.12463737659737863,28.0,0.30000000000000004
-0.20651481866519478,0.007103068878368652,-0.7959466353597264,0.04166056041811451,0.566771411895752,0.060633513858548406,28.0,0.32
-0.19429262992688554,0.006530970799694146,-0.8051979127268944,0.04562018566710677,0.5962778091430664,0.04159701599609771,28.0,0.34
-0.18316197114834284,0.0055123736085207825,-0.8125357546043862,0.047780575817066566,0.46387405395507814,0.07405601473553054,28.0,0.36000000000000004
-0.17291242387272893,0.0047347092914476014,-0.8186567332093395,0.05015614355680844,0.5037976741790772,0.13131437898285178,28.0,0.38
-0.16356862655465387,0.0039544403026775905,-0.8244314284104755,0.052120907727337795,0.575350570678711,0.03922124672033702,28.0,0.4
-0.15533804513557575,0.003323922907658432,-0.8300639257896462,0.05318948675952009,0.5152262210845947,0.059099288836673584,28.0,0.42000000000000004
-0.14787434303835562,0.0027002541254554694,-0.8353713115022169,0.05403689586336708,0.47009596824645994,0.11197464247872149,28.0,0.44
-0.1412236868323345,0.0022879733041631933,-0.8404546312092471,0.05463474703416667,0.45038790702819825,0.09487911143927401,28.0,0.46
-0.13530819041046288,0.0020651558275370614,-0.8458484799522832,0.05460000266786963,0.45483784675598143,0.014556387212504067,28.0,0.48000000000000004
-0.1300491286320318,0.0017211716018045527,-0.8513096288261673,0.05457255963208645,0.5220734596252441,0.05464597244934917,28.0,0.5
-0.670809186720318,0.01135847873872407,-0.7489413132180583,0.04649169841272704,0.1677793502807617,0.027214693270102588,30.0,0.02
-0.5901536796636938,0.00897274919236837,-0.7128866133504388,0.036665159681257484,0.16697187423706056,0.04535821188826421,30.0,0.04
-0.538530054009213,0.008225745674492696,-0.7000470108423522,0.029216542359099183,0.27950000762939453,0.04676711607728577,30.0,0.06
-0.49564711014109236,0.007983035340284484,-0.700634406785406,0.02401944323807367,0.36931400299072265,0.013438733178547593,30.0,0.08
-0.4571791202024557,0.007476231725250347,-0.709228781694933,0.02495988899263224,0.42129931449890134,0.04096945767681185,30.0,0.1
-0.421881265524721,0.0070070965761263645,-0.712986981139402,0.02363581968802075,0.478253173828125,0.021944464464127133,30.0,0.12000000000000001
-0.3893436425558018,0.007830782894062154,-0.715691078850773,0.027073045179069517,0.34306931495666504,0.08272528043704735,30.0,0.13999999999999999
-0.36007726138674523,0.008663355069920137,-0.7210797319935904,0.02947628983131167,0.5506961822509766,0.03543529432376092,30.0,0.16
-0.3333674370785839,0.00848491492020455,-0.7265788013014417,0.030246761834076985,0.5827923774719238,0.031035929105750606,30.0,0.18
-0.3081299829641376,0.00884867453491687,-0.7332770930946795,0.032601128664298845,0.6177225589752198,0.02495954159528345,30.0,0.19999999999999998
-0.28538920319841965,0.008304899299756896,-0.7437630166864702,0.03260294975602043,0.5363475322723389,0.0718566059637613,30.0,0.22
-0.26509157472549205,0.008319366395769853,-0.7562149913872327,0.0353204427709,0.7063818454742432,0.04884227439627813,30.0,0.24
-0.24720585611416715,0.008426834441531724,-0.7706996256693057,0.0374061355115362,0.6945050716400146,0.0722767839167484,30.0,0.26
-0.2306778717258931,0.007972889778584001,-0.7823790006633973,0.03930320583214611,0.621097993850708,0.0921630230184849,30.0,0.28
-0.21513801357371137,0.0076654389747659495,-0.792281247601423,0.03990381845709298,0.5662203788757324,0.09686723546106955,30.0,0.30000000000000004
-0.20167857133961817,0.006845580086766397,-0.8018625917243822,0.04343201919760902,0.6177870750427246,0.03653900688977156,30.0,0.32
-0.18969958685584537,0.006106841086187948,-0.8106606107735728,0.04688283832577296,0.6694928646087647,0.026663186249243,30.0,0.34
-0.17850805745433515,0.005302335939961415,-0.8174622626789712,0.04902069753138636,0.4982100486755371,0.07198558726667911,30.0,0.36000000000000004
-0.16860674384049607,0.004425430094094729,-0.8234606416384228,0.051197887729825156,0.6265416622161866,0.10853388100395633,30.0,0.38
-0.1592897975566681,0.003671850830947766,-0.8293436436533848,0.052980192249789795,0.6191915988922119,0.018274736434466296,30.0,0.4
-0.15138771938256806,0.002993428992712882,-0.8349053897264931,0.05396173342185825,0.5847053050994873,0.04238605266921438,30.0,0.42000000000000004
-0.1443000261716997,0.0023617149936015066,-0.8402095411098796,0.05467021849926819,0.45148353576660155,0.10122067505739119,30.0,0.44
-0.1379359399464049,0.002136687569766625,-0.8457178553758403,0.05501116769150915,0.4827216625213623,0.07127146710206875,30.0,0.46
-0.13227281316903614,0.0018598147212806324,-0.8510938811895116,0.055203783776016375,0.5347445964813232,0.043145228969103395,30.0,0.48000000000000004
-0.1272448583806275,0.0015709547368065423,-0.8569561499160259,0.055170821831172244,0.42963371276855467,0.04951715694970054,30.0,0.5
-0.6686807109694397,0.011241264160514018,-0.7480436225005905,0.0464177317398444,0.19413537979125978,0.010015958692480413,32.0,0.02
-0.5873164584660001,0.008967887156515034,-0.7127543103153121,0.036043577031468134,0.17917537689208984,0.05238596111215781,32.0,0.04
-0.5353683952151476,0.008316707652612046,-0.7005920187894106,0.028390793931338705,0.34616689682006835,0.007653649676088037,32.0,0.06
-0.49217941907330803,0.008036462679518573,-0.7013484640230531,0.02482217861637918,0.41268386840820315,0.0079365930386137,32.0,0.08
-0.45328271773998996,0.00728548971836916,-0.7105394678694715,0.024617060731518814,0.4893772602081299,0.04800313402878326,32.0,0.1
-0.4175280302669038,0.00709704878673806,-0.7139263172647659,0.02374614067483272,0.4341601848602295,0.0720652396958895,32.0,0.12000000000000001
-0.38467677820396684,0.007899021067164884,-0.7169466864948787,0.02797724443248105,0.5196634769439697,0.10973574609121134,32.0,0.13999999999999999
-0.35524931465223586,0.00866302077975825,-0.7228651027140083,0.02932682284832629,0.6419186115264892,0.03459345999016944,32.0,0.16
-0.32827407923527663,0.008552116025853061,-0.7285170342185867,0.030679997264378145,0.6208616256713867,0.051874679514778754,32.0,0.18
-0.30306319401070286,0.008767057990887004,-0.7363624351742442,0.03259680869782378,0.5396398067474365,0.11064861816907284,32.0,0.19999999999999998
-0.2802139361785244,0.00827893677399914,-0.7477390152725617,0.0333229614015018,0.7022836685180665,0.09011130396713182,32.0,0.22
-0.2605163351904135,0.008397088523281956,-0.761474485072378,0.03549172573232457,0.6828102588653564,0.06997462951435442,32.0,0.24
-0.24236855509878824,0.008353118018587112,-0.7760809298788038,0.037997733381652424,0.6820578575134277,0.0371980674953556,32.0,0.26
-0.22577861059088025,0.007964933750957658,-0.7877956058704043,0.03981442798494008,0.5514620304107666,0.07652592762128348,32.0,0.28
-0.2104798381115704,0.007438260147644846,-0.7975877344057309,0.041146722047419315,0.6404448986053467,0.04505442216475209,32.0,0.30000000000000004
-0.19725579612550403,0.006637485355272852,-0.8073338099855111,0.04490250877782688,0.6530707836151123,0.09213841878690372,32.0,0.32
-0.1853344922738898,0.005616624158851894,-0.8155224221906785,0.04776277661169623,0.6461598396301269,0.06446689906565559,32.0,0.34
-0.17445435435014922,0.004978580664050294,-0.822061228734222,0.050318754098829445,0.5929103851318359,0.07531571332833481,32.0,0.36000000000000004
-0.16447804024661244,0.00407749488005731,-0.8283413911408466,0.052283109128078264,0.5936149597167969,0.06153458757765104,32.0,0.38
-0.15557550180033322,0.003352555506889207,-0.8340258189297236,0.05357611743192078,0.6314974308013916,0.02270149439751259,32.0,0.4
-0.14784956054314563,0.0025924505294638656,-0.8398436277115593,0.05465720138742238,0.4903875827789307,0.05877679673420001,32.0,0.42000000000000004
-0.14109242429871505,0.002228117759678139,-0.8452984395047303,0.05527799357219443,0.5675260543823242,0.060534711018749784,32.0,0.44
-0.1349910928456254,0.002040997441629889,-0.8507730946609919,0.05555166056225142,0.5072867393493652,0.0367369517863717,32.0,0.46
-0.12947611316601276,0.0018011618969258952,-0.8562330870327015,0.05590703140937817,0.5650934696197509,0.05802196879701898,32.0,0.48000000000000004
-0.12470288333935364,0.0015161884257816037,-0.862545068785845,0.055697707635262425,0.4893773555755615,0.04501094322793529,32.0,0.5
-0.6665955880872011,0.011158626436576342,-0.7471298583716626,0.04642834486313359,0.21760153770446777,0.01292698474598802,34.0,0.02
-0.5846183624911643,0.009087068113980988,-0.7127081044233984,0.03525158659293909,0.28736128807067873,0.02209426347555727,34.0,0.04
-0.5324143476482406,0.008288986443995812,-0.7011941328796434,0.027329563182403874,0.34629230499267577,0.02174713492536075,34.0,0.06
-0.4888290445218592,0.008146260968378689,-0.7023098632979562,0.025332709203524664,0.4012348175048828,0.041364042761829645,34.0,0.08
-0.4496298172474309,0.007192259449465279,-0.7112287019524353,0.024657012339497523,0.4109001159667969,0.05362807589924995,34.0,0.1
-0.41338967744005417,0.007168334821275746,-0.714651371244895,0.023836743591398035,0.4345059394836426,0.06973555651100785,34.0,0.12000000000000001
-0.3802644757970172,0.007933512097877606,-0.7181315865703705,0.028518576797277068,0.5202336788177491,0.0890183545774994,34.0,0.13999999999999999
-0.35089590559684225,0.008613288141385103,-0.7245327274528197,0.029364571873601218,0.5902989387512207,0.06391459125509104,34.0,0.16
-0.3236110214733344,0.008638516015117306,-0.7305119059703126,0.03138043397868856,0.6383726596832275,0.07831326399824001,34.0,0.18
-0.2983293532851255,0.008579183660746878,-0.7397160729601109,0.032680369595479083,0.650729751586914,0.08844640226150785,34.0,0.19999999999999998
-0.27550940365833687,0.008223815115938534,-0.7516702978905131,0.03388378174844065,0.6618855476379395,0.05521272984772594,34.0,0.22
-0.25603770055441466,0.008356087349535968,-0.766800468600592,0.035954727978601934,0.7090001583099366,0.06041362353403794,34.0,0.24
-0.23780133128891032,0.008223901872128321,-0.7808481554062234,0.03854761363888027,0.6200934886932373,0.08437968257064195,34.0,0.26
-0.2210836363542296,0.007990134418099197,-0.7926989015281821,0.04007841954244056,0.7828697681427002,0.06133969109011168,34.0,0.28
-0.20621937047785158,0.007095130116088019,-0.8030542279191627,0.042315770461593114,0.6921231269836425,0.07693217844743319,34.0,0.30000000000000004
-0.19319710394532025,0.006358256148048763,-0.8125352824684102,0.04641386899259866,0.5795259952545166,0.0525160153977517,34.0,0.32
-0.18125151765535102,0.005323328975201725,-0.8201286416898135,0.04879970903586483,0.5523043155670166,0.10212550920255438,34.0,0.34
-0.1706542932377323,0.004686617632405098,-0.8265104015829519,0.05144326052813064,0.6523158550262451,0.04279676104276225,34.0,0.36000000000000004
-0.16065054279670385,0.0037677111050317177,-0.8329649082962524,0.05302920010541232,0.6543612957000733,0.03982755008113738,34.0,0.38
-0.15215910863439008,0.003010965409974867,-0.8384796353464653,0.054270112851992576,0.49799747467041017,0.08353013934885088,34.0,0.4
-0.14471070810913583,0.002323254853088376,-0.8442621163500708,0.05509218301868204,0.5511605739593506,0.12665867168748118,34.0,0.42000000000000004
-0.13824264275358128,0.0020916422184424524,-0.8500870657018318,0.05565250947133226,0.5703755378723144,0.03230239040922541,34.0,0.44
-0.13226077478208534,0.0019240092552593952,-0.8558292345908771,0.05617646239309888,0.5654336452484131,0.059911946804188626,34.0,0.46
-0.12698265849112422,0.0017188969844561149,-0.8613843942430721,0.05641599214874073,0.4708395004272461,0.09698576679169547,34.0,0.48000000000000004
-0.12230711447889883,0.001571433187873333,-0.8680622420338822,0.056168325133144854,0.4928077220916748,0.055890721673430434,34.0,0.5
-0.6646252787615461,0.011012998129860153,-0.7463579905480388,0.046552108542917525,0.2287212371826172,0.025362429663136347,36.0,0.02
-0.5821940509316905,0.009230705334086405,-0.712480739941914,0.034503563192987315,0.30067925453186034,0.029346288971724244,36.0,0.04
-0.5296315437579301,0.008292136550408957,-0.7017331568830877,0.026392059831289276,0.3219788074493408,0.014103394333846607,36.0,0.06
-0.48559152431100194,0.008162818118132673,-0.7034832656655611,0.025607985985427007,0.38561305999755857,0.08983178015006167,36.0,0.08
-0.44612873822862403,0.007123011762317173,-0.7117415118866458,0.0247465378006516,0.5325837135314941,0.030419327998058666,36.0,0.1
-0.40948184126009035,0.007254577043536323,-0.7154361861995943,0.02400987158601052,0.579769229888916,0.03746373230341586,36.0,0.12000000000000001
-0.37619165406570726,0.007973013819312416,-0.7191016898477025,0.02886459080296879,0.5872087955474854,0.055202603442045216,36.0,0.13999999999999999
-0.3468152146482098,0.008492144278964801,-0.7261283620525961,0.02946515402003587,0.49709300994873046,0.1209980491170725,36.0,0.16
-0.31922080154745175,0.008685189669937466,-0.7323494351026416,0.03204093886266284,0.5986950874328614,0.03620864565627846,36.0,0.18
-0.29386220210801745,0.008463866593488679,-0.7429968848983399,0.032340433563135255,0.6258186340332031,0.05502705483719706,36.0,0.19999999999999998
-0.2712557100086232,0.008150484113674824,-0.7558263210121426,0.03434131758660587,0.6328134059906005,0.06153330447916933,36.0,0.22
-0.2518367784621667,0.008390348802082786,-0.7718364909495147,0.03661422959620651,0.5822158336639405,0.07360906804865151,36.0,0.24
-0.23355124512577724,0.007991669872258715,-0.7855639084683519,0.03913212001991685,0.6859054088592529,0.06388119052537049,36.0,0.26
-0.2168085739815305,0.007787445133128286,-0.797407824467018,0.04077809582373084,0.6811038970947265,0.0535190465552713,36.0,0.28
-0.20226945667479207,0.006838317143441325,-0.8082372093525232,0.04358292025730786,0.6828553676605225,0.08114764457960982,36.0,0.30000000000000004
-0.18944873065776163,0.005994007709662096,-0.8171681270271327,0.04733059876828077,0.5234060287475586,0.04639350727082955,36.0,0.32
-0.17764088250153628,0.0051151516099892155,-0.8243058375047377,0.0500689016317859,0.632529354095459,0.09101747217751706,36.0,0.34
-0.1670460885278409,0.0043319944738286886,-0.8308938242255755,0.05233246722920238,0.6137804508209228,0.05291541034339116,36.0,0.36000000000000004
-0.15729060297717384,0.0034655828570142387,-0.837217960702447,0.053403051061554505,0.5829412460327148,0.024224583773633675,36.0,0.38
-0.14901313505118813,0.0025667529657933705,-0.8431685310450326,0.05479922554925382,0.5359123706817627,0.09940709894294056,36.0,0.4
-0.1418398515259366,0.00221290557390983,-0.8489084522285699,0.05553542552682356,0.5679229259490967,0.02876310775738958,36.0,0.42000000000000004
-0.1356035896198638,0.0020223547374619635,-0.8549000216681557,0.056282819059095386,0.534935188293457,0.046698000214807904,36.0,0.44
-0.12976716438297772,0.0018763210846650153,-0.8605037580728082,0.05677859367646428,0.5305395603179932,0.08009952865899002,36.0,0.46
-0.12468662798279957,0.0015646780133968068,-0.8666200510089084,0.05674099449164757,0.48307313919067385,0.07508091896147043,36.0,0.48000000000000004
-0.12021240701008436,0.0017347445628378363,-0.873179440348089,0.057320593168456904,0.5342495918273926,0.024877436924781008,36.0,0.5
-0.6627599072768247,0.010921100700758475,-0.7456424196211723,0.04659952512082486,0.18372163772583008,0.04250002734014666,38.0,0.02
-0.5799371152752661,0.009342982845994302,-0.7120038285514474,0.03397748448309136,0.3017996311187744,0.01527678146284764,38.0,0.04
-0.5270205571491429,0.008319755103607098,-0.7021700868791333,0.0257212700528172,0.34265522956848143,0.02938077993854842,38.0,0.06
-0.4825134440526627,0.008208245757168619,-0.7047357690162035,0.02584186463841503,0.3218470573425293,0.07108669035405912,38.0,0.08
-0.4426873971071769,0.007057018077848876,-0.7125530920863471,0.024795021265609608,0.48532729148864745,0.026962288833550285,38.0,0.1
-0.4057822043215588,0.007339687606772637,-0.7162646063038883,0.02439482372167639,0.5593175411224365,0.052325668829518106,38.0,0.12000000000000001
-0.3723535935806668,0.008024830446153784,-0.7203642238959584,0.029017088280269963,0.6432892322540283,0.012563024698320487,38.0,0.13999999999999999
-0.3429337011929603,0.008433670791412655,-0.727742986253143,0.0295385202172041,0.5538561820983887,0.1234009009736642,38.0,0.16
-0.31504745703969544,0.008750096848468975,-0.7344281815620091,0.03233676693438053,0.7047142028808594,0.07848395497175625,38.0,0.18
-0.2896064627780893,0.00830638256510356,-0.7462298533807081,0.032066731400836115,0.7296946048736572,0.05831613672095858,38.0,0.19999999999999998
-0.26741693556844204,0.008156997680182706,-0.7601093864125563,0.03458968788332893,0.7968935966491699,0.047098550283689575,38.0,0.22
-0.24775916555940217,0.008439210550844584,-0.7767252533495344,0.03712709426813167,0.6059816837310791,0.12447857226845319,38.0,0.24
-0.2295812796197124,0.007929293183749212,-0.7903459667216041,0.039850791692662084,0.6872083663940429,0.09249732884322126,38.0,0.26
-0.21296995087759613,0.007582528663760657,-0.8021242692382771,0.04175022202862152,0.40455780029296873,0.050257260734342724,38.0,0.28
-0.1986409877614616,0.006562211033075352,-0.8130508221570285,0.04467585472241931,0.4353183746337891,0.049811187030577186,38.0,0.30000000000000004
-0.185836165402503,0.005624809975793626,-0.8214794831808977,0.04819678101808778,0.3529342174530029,0.030211087394375443,38.0,0.32
-0.17427904539662695,0.004856439563543158,-0.8284573891992398,0.05109509155110607,0.3935121536254883,0.07266642333834554,38.0,0.34
-0.16362439905911313,0.004001072879052442,-0.8352783992366664,0.05304703388290616,0.3424049377441406,0.03388920824785112,38.0,0.36000000000000004
-0.15419798073079874,0.0031710551934232816,-0.8415181324807957,0.05412271903374569,0.41876535415649413,0.08085625809877821,38.0,0.38
-0.1462305327608325,0.002297402420649013,-0.8474587529093313,0.055183686698803594,0.31539525985717776,0.024598751783443243,38.0,0.4
-0.13925190055288464,0.0021003160996734094,-0.8534440903844352,0.0559730868663676,0.3709874153137207,0.06755654512175253,38.0,0.42000000000000004
-0.13317541890281998,0.001885861382722692,-0.8595393700966782,0.056875130721058674,0.39463019371032715,0.033898759355341916,38.0,0.44
-0.12750569715670698,0.001818823043815934,-0.8652375044936811,0.05734739355880412,0.3314644813537598,0.05237507491559177,38.0,0.46
-0.12261076098823365,0.0015456005809159797,-0.8718925190620872,0.05742233586265903,0.27288203239440917,0.01600138523047699,38.0,0.48000000000000004
-0.11846377194901474,0.0018691142849037298,-0.8780678247562772,0.058354478725022634,0.31050930023193357,0.03392321800013028,38.0,0.5
-0.660944203146736,0.010863613831927722,-0.745005393193548,0.046437352032232114,0.20256223678588867,0.016645809441725282,40.0,0.02
-0.5778545107660334,0.009418347012063472,-0.7115237573891853,0.033733832798101444,0.275956916809082,0.03621185333546107,40.0,0.04
-0.524598352757081,0.00834002396369342,-0.702502759911497,0.025177874307817927,0.2050804615020752,0.024427387540868078,40.0,0.06
-0.47967676101189527,0.008268457263759289,-0.7058263319379592,0.026064485945862685,0.23691949844360352,0.017874345200066144,40.0,0.08
-0.4392680515801185,0.0069896185825294565,-0.7135785934598972,0.02472502746771091,0.260316801071167,0.05226593565018386,40.0,0.1
-0.4021986300469516,0.007453596119074876,-0.7170588924762756,0.024978826765930617,0.39351778030395507,0.04666472810087049,40.0,0.12000000000000001
-0.3687393944302402,0.008156691403448137,-0.7219161942557613,0.029157265447226972,0.3502948760986328,0.05953599327702073,40.0,0.13999999999999999
-0.33910547990817824,0.008414624980640115,-0.7292799737112831,0.029762205093565135,0.3970219612121582,0.05819555356423287,40.0,0.16
-0.31100796149979654,0.008832963633476873,-0.7368050738473005,0.03262482012175402,0.5790020942687988,0.08561907116694412,40.0,0.18
-0.2856340280944458,0.008171530662467083,-0.7496585326345808,0.032296218756441765,0.5273656845092773,0.1464976085552351,40.0,0.19999999999999998
-0.26377018989805073,0.008180698173618215,-0.7645529422314915,0.03472065349150345,0.44324026107788084,0.05318668229991947,40.0,0.22
-0.2438704703337488,0.00844258350814063,-0.7811898152548625,0.03751977366027485,0.6175106048583985,0.019684405817896867,40.0,0.24
-0.22572517880348703,0.008024952755288497,-0.7948199760096427,0.040532834394070794,0.5561305522918701,0.11852704800491323,40.0,0.26
-0.2094157857807526,0.007316372035077403,-0.8069120973410628,0.04266494902009532,0.5055680274963379,0.09087405899024868,40.0,0.28
-0.19531322389204414,0.006360952219936187,-0.8175557180753866,0.04592010892464181,0.5152340412139893,0.0446619386448973,40.0,0.30000000000000004
-0.18243396551662636,0.005451287451736721,-0.8256264560807782,0.049149762667689285,0.42935614585876464,0.07051157095456197,40.0,0.32
-0.17107125334036516,0.004777818984036551,-0.8325200737229006,0.052011539029943064,0.41243772506713866,0.08392467475086827,40.0,0.34
-0.16056850407959228,0.00365341551664879,-0.8395483060643023,0.053448396268942655,0.5557116985321044,0.02899443489440713,40.0,0.36000000000000004
-0.1513723677539068,0.002773371125873158,-0.8457372966230192,0.05471919799809908,0.41399073600769043,0.06591526733539695,40.0,0.38
-0.14367663956715332,0.002145754865087517,-0.8516849420621915,0.0554689632114437,0.31002063751220704,0.025596259017242794,40.0,0.4
-0.13687572623773187,0.0020091098024807344,-0.8579065146345697,0.05660736135426173,0.35251779556274415,0.03296395213343984,40.0,0.42000000000000004
-0.13092101960451505,0.0017398351071614513,-0.8638259012515513,0.057402253094440296,0.5081647396087646,0.08317200589083958,40.0,0.44
-0.12546731411300666,0.0016379305714636946,-0.8701560501676134,0.05748646489727754,0.33300075531005857,0.08489329135861282,40.0,0.46
-0.12079706384007678,0.0017201124747295645,-0.8768359226509794,0.05851153365635083,0.2837470054626465,0.013500394345174957,40.0,0.48000000000000004
-0.1169542174281913,0.0019201431569518272,-0.882287873557231,0.059445356655968014,0.3010560989379883,0.014792490355411376,40.0,0.5
-0.6591323649212667,0.010784325398006445,-0.7444813392870608,0.04613934186087871,0.09869856834411621,0.009862135172544887,42.0,0.02
-0.5759159773086565,0.009372688868373748,-0.7112550116091264,0.03368014944584086,0.13725452423095702,0.01712733187249934,42.0,0.04
-0.5222742563113226,0.008357452912845821,-0.7027415177891405,0.024779585550262946,0.17295923233032226,0.010034005693180997,42.0,0.06
-0.47702965470732367,0.008239970810737076,-0.7067804200677792,0.02626319979113336,0.23678221702575683,0.02215237106367286,42.0,0.08
-0.4360557456353491,0.006963167356032503,-0.7144953165815264,0.024578059139327042,0.274867582321167,0.021423894358982776,42.0,0.1
-0.39882135286417636,0.007484784585092046,-0.7180272533966299,0.025416741384749794,0.3624145984649658,0.06773219883568983,42.0,0.12000000000000001
-0.36523867856537995,0.008224851529201604,-0.7235456424780461,0.02935830366138727,0.2835050582885742,0.030518272899229128,42.0,0.13999999999999999
-0.33538786427563394,0.008469669577179631,-0.7307891578976681,0.030069516520266758,0.3618128776550293,0.039342294824127114,42.0,0.16
-0.3072048649730753,0.008801128322266639,-0.7392655426300212,0.03269968596059394,0.3446446418762207,0.025080141664722666,42.0,0.18
-0.2819761556449691,0.00813757715303093,-0.7528023010328531,0.0328756986985421,0.3895087242126465,0.018778023399899826,42.0,0.19999999999999998
-0.260208153299596,0.008215143265659705,-0.7689305007164189,0.034973624742560556,0.4236640930175781,0.045728079385367285,42.0,0.22
-0.24023123991374074,0.008358030167904927,-0.7855371813202084,0.03795783007481797,0.7294834613800049,0.05382094019577084,42.0,0.24
-0.2219929477977607,0.008083056899537285,-0.7991540246056456,0.04114765110534715,0.8409448623657226,0.07998501880030648,42.0,0.26
-0.20596350665411683,0.0070989954171913824,-0.8117451161026171,0.043269920899786735,0.7757580280303955,0.0878482040473824,42.0,0.28
-0.19214470950255597,0.0061046218244628445,-0.8217105512398692,0.04705043225550699,0.7256908416748047,0.11303415919332362,42.0,0.30000000000000004
-0.179367440302081,0.005298394376240074,-0.8296665939636554,0.05010253246668409,0.6687962532043457,0.07720308898305993,42.0,0.32
-0.16809799208201254,0.0045656701807932605,-0.8365452654201768,0.0526311373596885,0.6854072093963623,0.05945734299840359,42.0,0.34
-0.15774926728870364,0.0033483549517077994,-0.8434758555044366,0.05382753162945168,0.6121553421020508,0.034674793015641886,42.0,0.36000000000000004
-0.1488014186289828,0.002431460704711011,-0.8498277078474231,0.055397793532383235,0.6876880168914795,0.08225521610508882,42.0,0.38
-0.14128504522826196,0.002141182584872092,-0.8559344264594866,0.05600277740151984,0.6492934226989746,0.07600778171914954,42.0,0.4
-0.13469679095666667,0.0018997143194230983,-0.8621782591782484,0.05712060106621675,0.6129094123840332,0.07520519012167093,42.0,0.42000000000000004
-0.128839304606266,0.0017089124717056673,-0.868331826167676,0.057781107699610236,0.4779059886932373,0.11256471578736302,42.0,0.44
-0.12359152768786943,0.0015957310172975117,-0.8750891499712953,0.058110235306120514,0.58726806640625,0.050965863378684494,42.0,0.46
-0.11917776753780474,0.001898015754931107,-0.8816335501897704,0.059563778166451135,0.547896432876587,0.0501352937991312,42.0,0.48000000000000004
-0.11564493387288233,0.001904079302235232,-0.8861428811123828,0.06074605251511993,0.5260555267333984,0.09472500351047689,42.0,0.5
-0.6574238119127533,0.010726219886242106,-0.7439375765929215,0.04572904965375547,0.1709899425506592,0.0468775887562898,44.0,0.02
-0.5741073183419259,0.00927310807504804,-0.710859912850366,0.03369724469191037,0.3314048290252686,0.033389143520243435,44.0,0.04
-0.5200138581273576,0.008449457548123174,-0.7028610799938918,0.02444376158710543,0.3904582500457764,0.02511079663846615,44.0,0.06
-0.47445160809534404,0.008171405976566836,-0.7075943160374379,0.026342886493646543,0.5280787944793701,0.03833188629050956,44.0,0.08
-0.4331258982817672,0.006904098056881726,-0.7152764240739167,0.02446439513606594,0.5012548446655274,0.050047327766012444,44.0,0.1
-0.3955757850583095,0.007507189274577258,-0.7188917771760915,0.025924486931735505,0.5409710884094239,0.06333511092164697,44.0,0.12000000000000001
-0.36191444418428864,0.008288127414944592,-0.7249188366456613,0.029512519142314498,0.6301630020141602,0.033240755570870466,44.0,0.13999999999999999
-0.3318125122170075,0.00855229342428308,-0.7322699052355308,0.03043712663257946,0.7664180278778077,0.04209214168061657,44.0,0.16
-0.30359531977246296,0.008641440824581481,-0.7417845966642783,0.03259013883160011,0.6804653167724609,0.11081487201625354,44.0,0.18
-0.2784127154410001,0.008210745900784982,-0.7558017055573619,0.033276870647381086,0.7914705276489258,0.08193711398304716,44.0,0.19999999999999998
-0.2568290571739045,0.008231465048130458,-0.7731395430495653,0.03539525545302931,0.8244725704193115,0.051201780142376904,44.0,0.22
-0.23680418590137414,0.008203730593602255,-0.7895595822401595,0.038675524471942294,0.6922011375427246,0.13262635393648425,44.0,0.24
-0.21855356296938427,0.007883600705015596,-0.8034113355487318,0.04179313388951802,0.7658908843994141,0.09504211957889638,44.0,0.26
-0.20276288025437889,0.006837741638372878,-0.816313634208744,0.044072522498459776,0.7754123687744141,0.048087199928981535,44.0,0.28
-0.18911708329624366,0.005811857286343222,-0.825704416403496,0.047770143266044,0.7736346244812011,0.10282675061146698,44.0,0.30000000000000004
-0.17643001071678915,0.005227646004881277,-0.8334838287687205,0.05115960304890687,0.6936160564422608,0.15642399445670005,44.0,0.32
-0.16527741599877302,0.0043119848421126145,-0.8404892605869767,0.05328593373678567,0.3809177875518799,0.1861202289815452,44.0,0.34
-0.1551749483325066,0.0030010062672468237,-0.8474932258959308,0.05435534779650038,0.20925350189208985,0.019122832738736995,44.0,0.36000000000000004
-0.14653766511315663,0.0022101611801807583,-0.8537080273163019,0.05581379157238832,0.20526018142700195,0.005024033796940811,44.0,0.38
-0.13913775481779844,0.002061471532427563,-0.8599855115474334,0.05671889250095173,0.21885738372802735,0.02700825419335192,44.0,0.4
-0.13272854404144357,0.0018050041266345525,-0.8662504293825932,0.057558826425304986,0.20428504943847656,0.014078028892387474,44.0,0.42000000000000004
-0.12695657240135477,0.0016421794965776357,-0.872858319949772,0.05789114591817296,0.178594970703125,0.008620678861477922,44.0,0.44
-0.12183406961039134,0.0016965997006609384,-0.8800373506626942,0.05903086586488639,0.2059551239013672,0.02482797850081288,44.0,0.46
-0.11781652575018206,0.0019790531138916094,-0.8858850450486534,0.06045293719631808,0.22578439712524415,0.025377584740319595,44.0,0.48000000000000004
-0.11453510057660302,0.0018525632572727849,-0.8897385460597512,0.0623439759917641,0.19288840293884277,0.025438871982460316,44.0,0.5
-0.6558251969084038,0.010758536829955744,-0.7432805151173829,0.045223580766430536,0.0757908821105957,0.006342060444586435,46.0,0.02
-0.5723774658830654,0.00920944589852959,-0.710647428090818,0.033711021192806626,0.1004612922668457,0.006477422131539035,46.0,0.04
-0.5178669309093811,0.008537360088368213,-0.7030397180992288,0.024182567522043303,0.1318978786468506,0.011215998332785115,46.0,0.06
-0.4719470320141011,0.00805627697116262,-0.7084107865763989,0.02631113324047662,0.5107301235198974,0.09284231835205775,46.0,0.08
-0.43029347940433665,0.006924946042601328,-0.716266824775157,0.0244083913129605,0.6054860591888428,0.05185231908170497,46.0,0.1
-0.39248659771390404,0.007503842960204974,-0.7196811722404963,0.02635121724377083,0.534435224533081,0.07704953816646154,46.0,0.12000000000000001
-0.3587427333567058,0.008330101162632773,-0.7263396982826598,0.029499076650316744,0.6441897392272949,0.0455983213423818,46.0,0.13999999999999999
-0.32845239187714576,0.008620850121926859,-0.7337819025534765,0.030887629420122614,0.7382264137268066,0.03543093235332989,46.0,0.16
-0.3001726864815803,0.00849804942067353,-0.7444697541694738,0.032337118168935086,0.7045422554016113,0.09381953537518042,46.0,0.18
-0.2751269957372159,0.008269012026051716,-0.7590198030651765,0.03348524764248537,0.8070245742797851,0.06170008332300473,46.0,0.19999999999999998
-0.2535980306490436,0.00830026732063042,-0.7771664091983966,0.03580562435339771,0.9000862121582032,0.05135684686017533,46.0,0.22
-0.23353298862216368,0.008130937877930173,-0.7933169906518641,0.03937325716901726,0.37549667358398436,0.07822568658531938,46.0,0.24
-0.21541079196075313,0.007661649546836738,-0.8075670744411638,0.04260361492469463,0.2659323692321777,0.012105925366757331,46.0,0.26
-0.1998746253253502,0.0065978185389701524,-0.8205782986440378,0.04494882884753022,0.2549431800842285,0.005427033155682731,46.0,0.28
-0.18624424168525394,0.0056638070312303,-0.8294971674450526,0.04855699081281175,0.2713515281677246,0.025165209353981262,46.0,0.30000000000000004
-0.17363852271347247,0.005161564344369282,-0.8370653133202002,0.0519579305542432,0.24064531326293945,0.011639353864696006,46.0,0.32
-0.16260862041042778,0.0040099850671586465,-0.8443639208147975,0.05375659746530244,0.22941126823425292,0.0176258964233757,46.0,0.34
-0.1527254465270226,0.0027042222837381715,-0.851313081887447,0.05487179110941821,0.23512024879455568,0.02101177436505865,46.0,0.36000000000000004
-0.1444223266016211,0.0020336824263674632,-0.8576468511505798,0.05617613519773072,0.22711987495422364,0.009432902603282013,46.0,0.38
-0.13717997088961356,0.00203499957281285,-0.8640622420109659,0.057322986622698545,0.21397509574890136,0.00562809968553458,46.0,0.4
-0.13092457386980097,0.0017236600975852041,-0.8701883404499897,0.05789837284098489,0.2017608642578125,0.014614069021938642,46.0,0.42000000000000004
-0.12528201438037415,0.0014963976882017855,-0.8773561260107614,0.05832980488054109,0.20912766456604004,0.016411096814878394,46.0,0.44
-0.12033281109309561,0.0017927566515849682,-0.884805563017119,0.06014449359404559,0.2269069194793701,0.009284932930409854,46.0,0.46
-0.11653094161564685,0.001981294217928889,-0.8896781484388374,0.06149197176398699,0.18901796340942384,0.002116570957587668,46.0,0.48000000000000004
-0.11352877049325924,0.0019117605656671754,-0.8929976521388052,0.06378331386633701,0.20510873794555665,0.026788040649854492,46.0,0.5
-0.654318818617485,0.010736846057216184,-0.7426798869083154,0.04464232825453395,0.07766885757446289,0.007099902009519937,48.0,0.02
-0.5706963444802732,0.00916563010941627,-0.7103793688546547,0.03368773127937875,0.10050106048583984,0.0028388937901667496,48.0,0.04
-0.515828926175512,0.008546780735128743,-0.7032814132853648,0.024028113708488445,0.12676725387573243,0.012401319224434881,48.0,0.06
-0.46952783287487543,0.007968648100296889,-0.7091412153470247,0.026259068579893456,0.161958646774292,0.012579454256639856,48.0,0.08
-0.4276316230437091,0.007018927090732153,-0.7170564203956472,0.024287274133641727,0.18893208503723144,0.011661209381102324,48.0,0.1
-0.38954511377214907,0.007490348870296322,-0.7204544380999733,0.026903062639987013,0.19815826416015625,0.010885957502530234,48.0,0.12000000000000001
-0.35576148774140887,0.008378501537313517,-0.727596294581675,0.029407287455580015,0.21982903480529786,0.01570860908677063,48.0,0.13999999999999999
-0.32525594881640313,0.008666420063857082,-0.7352942298232785,0.03134591857781137,0.2484565258026123,0.015761833583570868,48.0,0.16
-0.29695788931845113,0.008433922576802751,-0.7470713274507602,0.03218242473311209,0.37290940284729,0.14447484369882416,48.0,0.18
-0.2720794858916188,0.008185957079093925,-0.76216881568776,0.03373826373426757,0.6924307346343994,0.12844346615051463,48.0,0.19999999999999998
-0.2504807660042564,0.008340888660522003,-0.7810412694153501,0.0361328302218601,0.5876773834228516,0.07494443781852818,48.0,0.22
-0.2304184636250098,0.008119812214709114,-0.7971810745987853,0.039998919856270534,0.4467287540435791,0.04704334860916379,48.0,0.24
-0.2124809412641099,0.007475688423073401,-0.8116517477361928,0.043333654968572076,0.48781886100769045,0.034819689675964154,48.0,0.26
-0.19721157643500759,0.006445429319787836,-0.8245288240708458,0.04599537247384959,0.46315827369689944,0.05875295487006395,48.0,0.28
-0.18344326711132794,0.005579452361981449,-0.8333586749236354,0.04930582540175227,0.38144469261169434,0.014769443357107238,48.0,0.30000000000000004
-0.1710746294168915,0.004928136246498192,-0.8405432537494812,0.05246575850454917,0.5875770092010498,0.11961060315161431,48.0,0.32
-0.16022206684450618,0.0036549641250554813,-0.8477523967091685,0.05396632791475391,0.640663480758667,0.11489787439207831,48.0,0.34
-0.15047987576322722,0.0024393420491623263,-0.8551764477971332,0.055482516339959244,0.5538530349731445,0.07036919711714211,48.0,0.36000000000000004
-0.14236788589416605,0.0020340379940311077,-0.8614787390766855,0.05671515784876873,0.6142426013946534,0.068214809509676,48.0,0.38
-0.13534417759694561,0.0019317890469893772,-0.8680100295774251,0.057740730360538235,0.5464813232421875,0.06280095755337756,48.0,0.4
-0.1292643211322166,0.001677432753889425,-0.8744051800505511,0.05811423117961471,0.6579756259918212,0.06581581827642777,48.0,0.42000000000000004
-0.123649922614199,0.0014685747932627253,-0.8819761970644814,0.058946406181893805,0.6171902656555176,0.07350203788882091,48.0,0.44
-0.11905368028703722,0.0018639934903744676,-0.888997584133093,0.06100105692240913,0.5788089275360108,0.060737259170917844,48.0,0.46
-0.1154022802799702,0.0019229709897013987,-0.8932263394243323,0.06284078744385838,0.5715809345245362,0.1287295801359145,48.0,0.48000000000000004
-0.11257368784908159,0.0019817994660127325,-0.8959301766044827,0.06478537850647008,0.5414291381835937,0.09491758604168102,48.0,0.5
-0.6529187349785539,0.010643754427505843,-0.7422115029472243,0.04422499829329384,0.1442941188812256,0.03751925645112464,50.0,0.02
-0.5691027618318405,0.009144271006476244,-0.7101658828760321,0.03372044109153126,0.1763594627380371,0.019278570356868297,50.0,0.04
-0.5138709023855629,0.008524178098041256,-0.7034745842539696,0.024046250955791035,0.26955242156982423,0.03885636050073861,50.0,0.06
-0.4671821127822616,0.007931219719816873,-0.7098078974991343,0.026150121091306922,0.29318599700927733,0.01667205447090082,50.0,0.08
-0.42511033992735314,0.007070939742894238,-0.7176264068856972,0.024194286474788107,0.3110326290130615,0.019997589224890772,50.0,0.1
-0.3866902039116173,0.007492489884779271,-0.7211694307658142,0.027453013491789666,0.397307825088501,0.044825567028138766,50.0,0.12000000000000001
-0.35295000071016175,0.008362313757993766,-0.7289422304343682,0.029300885731178485,0.4342043399810791,0.024481480571046724,50.0,0.13999999999999999
-0.3222032019731344,0.008665955494488698,-0.736644996854532,0.03181990984196047,0.6296781063079834,0.06650998956574211,50.0,0.16
-0.29387843001451736,0.008384874464410772,-0.7493976798971145,0.03216034667534701,0.663692569732666,0.0364693763553701,50.0,0.18
-0.26919570819372135,0.008112380899680287,-0.7653956041287797,0.033986452250694375,0.8505984306335449,0.11843738306953103,50.0,0.19999999999999998
-0.24747550275044722,0.008343560547685184,-0.784932170995372,0.03650846902856678,0.8662180423736572,0.033659357267264566,50.0,0.22
-0.22745159020098882,0.008120228113319602,-0.8010546465661156,0.0406845225201338,0.807370662689209,0.11717905182479114,50.0,0.24
-0.20972971677761132,0.007244296958568254,-0.8158653235429354,0.043660842230684484,0.7840294361114502,0.21396933101027024,50.0,0.26
-0.1946012187488982,0.006293870487528698,-0.8283019436573195,0.0470151859228213,0.9714003086090088,0.048828885598098136,50.0,0.28
-0.1808029643051734,0.005511880860371007,-0.8371538379028891,0.050228678248869965,0.8262535095214844,0.04229991227642174,50.0,0.30000000000000004
-0.16867256152454896,0.004717343421428713,-0.8442363823159141,0.05296353427500052,0.6825635433197021,0.11119858394344849,50.0,0.32
-0.15792195261652403,0.003307605558968318,-0.851306999362585,0.05426221653676433,0.7347144603729248,0.04933360162205386,50.0,0.34
-0.1483954059252188,0.002269679427392623,-0.8587640408771694,0.056143207000448614,0.7716755867004395,0.05753841666897056,50.0,0.36000000000000004
-0.14049107479826534,0.0019399606598835865,-0.8651866703569014,0.057328910231670284,0.5673552513122558,0.20150622781106947,50.0,0.38
-0.13371584899459937,0.0018337368974333525,-0.8717423696277772,0.05800628391161071,0.6678749084472656,0.12975052298873108,50.0,0.4
-0.1276758202788398,0.0016089166795247149,-0.8785643188561135,0.058338312936004534,0.6986624717712402,0.05590746368321249,50.0,0.42000000000000004
-0.1221841267061035,0.0015136894418076839,-0.886652369415265,0.05988760778560764,0.6341547966003418,0.07135815226425785,50.0,0.44
-0.11783932085306828,0.0019339362247514941,-0.892769283637942,0.06175426269480477,0.49594922065734864,0.09364864661944391,50.0,0.46
-0.11443430200757879,0.0019849038462207797,-0.8964960927209855,0.06431262423471286,0.5666374206542969,0.035901566701174704,50.0,0.48000000000000004
-0.11170803747111195,0.0020909439848765224,-0.8988699483967961,0.06567795390650454,0.5580830097198486,0.03089299066742983,50.0,0.5
